Year,Planting.date,Unit ,Plot,Species,Number,Soil,Slash,VSMxtree,HT.cm.initial,RCD.mm.initial
2020,5/17/21,10,5,ACRU,1,U,0,20.7,25,2.9
2020,5/17/21,10,5,ACRU,2,U,0,27.1,24.5,4.9
2020,5/17/21,10,5,ACRU,3,U,0,28.7,28.5,5
2020,5/17/21,10,5,ACRU,4,U,0,29.8,25.5,4.5
2020,5/17/21,10,5,ACRU,5,U,0,22.3,17,3.7
2020,5/17/21,10,5,ACRU,6,U,0,25.6,29,5.4
2020,5/17/21,10,5,ACRU,7,U,0,15.8,29,2.9
2020,5/17/21,10,5,ACRU,8,U,0,27.5,30.5,4
2020,5/17/21,10,5,ACRU,9,U,0,29.8,31,4.9
2020,5/17/21,10,5,ACRU,10,U,0,31.6,25,3.9
2020,5/17/21,10,5,ACRU,11,U,0,12.9,21.5,4.4
2020,5/17/21,10,5,ACRU,12,U,0,33.4,24.5,5.2
2020,5/17/21,10,5,ACRU,13,U,1,18.1,22,5.1
2020,5/17/21,10,5,ACRU,14,U,0,12.2,23,4.9
2020,5/17/21,10,5,ACRU,15,S,0,19.4,22.5,5.8
2020,5/17/21,10,5,ACRU,16,S,0,18.7,28,5.3
2020,5/17/21,10,5,ACRU,17,U,1,29,26,5.4
2020,5/17/21,10,5,ACRU,18,U,0,28,24.5,4.8
2020,5/17/21,10,5,ACRU,19,U,0,20,30,5.2
2020,5/17/21,10,5,ACRU,20,U,0,19.1,18,4.1
2020,5/17/21,10,5,ACSA,1,U,0,14.8,35.5,4.8
2020,5/17/21,10,5,ACSA,2,U,0,24.7,35,3.5
2020,5/17/21,10,5,ACSA,3,U,0,18.9,31.5,3.9
2020,5/17/21,10,5,ACSA,4,U,0,16.5,34,4.9
2020,5/17/21,10,5,ACSA,5,U,1,22.4,33,4.8
2020,5/17/21,10,5,ACSA,6,U,0,28.3,32,3
2020,5/17/21,10,5,ACSA,7,U,0,21.8,34,3.4
2020,5/17/21,10,5,ACSA,8,U,0,31.3,41,6.8
2020,5/17/21,10,5,ACSA,9,U,0,27.4,30.5,3.8
2020,5/17/21,10,5,ACSA,10,U,0,31.1,30.5,6.1
2020,5/17/21,10,5,ACSA,11,U,0,23.5,26.5,2.4
2020,5/17/21,10,5,ACSA,12,U,2,23.4,27,3.4
2020,5/17/21,10,5,ACSA,13,U,1,27.5,29,3.6
2020,5/17/21,10,5,ACSA,14,U,1,27.4,31.5,3
2020,5/17/21,10,5,ACSA,15,U,0,33.2,30,4.4
2020,5/17/21,10,5,ACSA,16,U,2,18.2,34,5.6
2020,5/17/21,10,5,ACSA,17,U,1,11,31,3.5
2020,5/17/21,10,5,ACSA,18,U,0,19.4,33.5,4.1
2020,5/17/21,10,5,ACSA,19,U,1,23.4,27,3.3
2020,5/17/21,10,5,ACSA,20,U,1,20.1,23.5,2.4
2020,5/17/21,10,5,NYSY,1,U,1,16.7,8,3.2
2020,5/17/21,10,5,NYSY,2,U,1,11.5,11,3.9
2020,5/17/21,10,5,NYSY,3,U,0,16.8,38,3.4
2020,5/17/21,10,5,NYSY,4,U,0,30.9,15,3
2020,5/17/21,10,5,NYSY,5,U,0,23.5,13.5,4
2020,5/17/21,10,5,NYSY,6,U,1,29.9,14,4.6
2020,5/17/21,10,5,NYSY,7,U,0,25.3,8.5,2.8
2020,5/17/21,10,5,NYSY,8,U,0,25,8.5,2.7
2020,5/17/21,10,5,NYSY,9,U,0,32.9,12,4.1
2020,5/17/21,10,5,NYSY,10,U,1,30.1,15.5,4.2
2020,5/17/21,10,5,NYSY,11,S,1,24,18,5.4
2020,5/17/21,10,5,NYSY,12,U,0,14.2,11,3.1
2020,5/17/21,10,5,NYSY,13,U,1,14,16,5.2
2020,5/17/21,10,5,NYSY,14,U,0,8.3,18,5.5
2020,5/17/21,10,5,NYSY,15,U,1,15.3,15,6.2
2020,5/17/21,10,5,NYSY,16,U,1,28.5,14,5.1
2020,5/17/21,10,5,NYSY,17,U,0,25.8,12,3.4
2020,5/17/21,10,5,NYSY,18,U,0,23.4,10,4.4
2020,5/17/21,10,5,NYSY,19,U,1,26.2,29.7,3.6
2020,5/17/21,10,5,NYSY,20,U,0,16.3,14,3.4
2020,5/17/21,10,5,PRSE,1,U,1,31.2,25,3.9
2020,5/17/21,10,5,PRSE,2,U,0,25.8,12.5,2.2
2020,5/17/21,10,5,PRSE,3,U,1,28.4,19.5,2.1
2020,5/17/21,10,5,PRSE,4,U,0,29.2,25.5,3
2020,5/17/21,10,5,PRSE,5,U,1,27.7,17,3.5
2020,5/17/21,10,5,PRSE,6,U,1,26.5,26.5,3.2
2020,5/17/21,10,5,PRSE,7,U,0,26.1,19,3.1
2020,5/17/21,10,5,PRSE,8,U,0,23.6,23,2.6
2020,5/17/21,10,5,PRSE,9,U,0,26.4,22,3.3
2020,5/17/21,10,5,PRSE,10,U,0,18.6,19.5,2
2020,5/17/21,10,5,PRSE,11,U,1,21.6,18,2.4
2020,5/17/21,10,5,PRSE,12,U,0,26.3,22,2.3
2020,5/17/21,10,5,PRSE,13,U,0,22.2,24.5,2.8
2020,5/17/21,10,5,PRSE,14,U,0,30.6,31,2.2
2020,5/17/21,10,5,PRSE,15,U,0,26.9,16.5,2.2
2020,5/17/21,10,5,PRSE,16,U,1,11.3,17,3.3
2020,5/17/21,10,5,PRSE,17,U,0,17.5,18,3.8
2020,5/17/21,10,5,PRSE,18,U,0,12.2,24.5,3.4
2020,5/17/21,10,5,PRSE,19,U,0,31.1,18.5,4.7
2020,5/17/21,10,5,PRSE,20,U,0,14,23,3.5
2020,5/17/21,10,5,BELE,1,U,0,35.8,34.9,3.4
2020,5/17/21,10,5,BELE,2,U,0,42.5,28.5,2.9
2020,5/17/21,10,5,BELE,3,U,0,36.1,35.5,2.8
2020,5/17/21,10,5,BELE,4,U,0,25.8,32,3
2020,5/17/21,10,5,BELE,5,U,0,30.6,28.5,3.3
2020,5/17/21,10,5,BELE,6,U,0,26.8,40,6
2020,5/17/21,10,5,BELE,7,U,0,27.9,47,4.5
2020,5/17/21,10,5,BELE,8,U,0,28,45.8,4.1
2020,5/17/21,10,5,BELE,9,S,0,32.1,39,4.8
2020,5/17/21,10,5,BELE,10,U,1,30.7,45.8,6.6
2020,5/17/21,10,5,BELE,11,S,0,38.9,36.5,3.3
2020,5/17/21,10,5,BELE,12,U,1,22.6,36.6,11.6
2020,5/17/21,10,5,BELE,13,U,0,27.7,33.3,2.6
2020,5/17/21,10,5,BELE,14,U,0,25.1,43,6.6
2020,5/17/21,10,5,BELE,15,U,1,22.2,31,2.7
2020,5/17/21,10,5,BELE,16,U,0,28.5,38.1,5.2
2020,5/17/21,10,5,BELE,17,U,1,29.4,32.6,6.2
2020,5/17/21,10,5,BELE,18,U,1,21,30.2,3.3
2020,5/17/21,10,5,BELE,19,S,0,19.9,34.1,3.6
2020,5/17/21,10,5,BELE,20,U,1,25.9,33,4.6
2020,5/17/21,10,5,BELE,21,U,0,,39,2.7
2020,5/17/21,10,5,CACO,1,U,1,25.3,23.8,4
2020,5/17/21,10,5,CACO,2,U,0,35.6,17.1,2.5
2020,5/17/21,10,5,CACO,3,S,0,24.2,13.1,2.7
2020,5/17/21,10,5,CACO,4,U,0,23.5,16.2,3.1
2020,5/17/21,10,5,CACO,5,U,0,34.1,17.2,2.9
2020,5/17/21,10,5,CACO,6,U,0,36.9,20.8,2.6
2020,5/17/21,10,5,CACO,7,U,0,31.7,22.2,2.6
2020,5/17/21,10,5,CACO,8,U,1,21,20.5,3.8
2020,5/17/21,10,5,CACO,9,U,1,32.8,18.6,2.9
2020,5/17/21,10,5,CACO,10,U,1,32.4,26.9,2.6
2020,5/17/21,10,5,CACO,11,S,0,32.4,28.8,3.5
2020,5/17/21,10,5,CACO,12,U,0,23.2,22.8,3.1
2020,5/17/21,10,5,CACO,13,U,0,29.2,14.2,1.5
2020,5/17/21,10,5,CACO,14,S,0,30.6,19,3.1
2020,5/17/21,10,5,CACO,15,U,1,19.9,25.7,2.5
2020,5/17/21,10,5,CACO,16,U,0,30,15.2,2.3
2020,5/17/21,10,5,CACO,17,U,1,39,17.4,2.7
2020,5/17/21,10,5,CACO,18,U,2,26.8,13.6,3
2020,5/17/21,10,5,CACO,19,S,0,39.5,23.3,3.2
2020,5/17/21,10,5,CACO,20,U,0,24.8,17.1,3.1
2020,5/17/21,10,5,QURU,1,S,1,35,39.5,4.5
2020,5/17/21,10,5,QURU,2,S,0,49.2,42.3,5.5
2020,5/17/21,10,5,QURU,3,S,0,31.1,36.8,5.4
2020,5/17/21,10,5,QURU,4,S,0,24.9,35.1,6.5
2020,5/17/21,10,5,QURU,5,U,0,27.9,31.1,5.5
2020,5/17/21,10,5,QURU,6,U,1,27,37.8,4.6
2020,5/17/21,10,5,QURU,7,S,0,27.2,24.8,4.1
2020,5/17/21,10,5,QURU,8,U,0,28.8,39,5.8
2020,5/17/21,10,5,QURU,9,U,0,35.1,36.2,4.7
2020,5/17/21,10,5,QURU,10,U,0,29.7,34.4,3.9
2020,5/17/21,10,5,QURU,11,U,0,28,31.4,4.7
2020,5/17/21,10,5,QURU,12,U,1,33.8,39.8,4.3
2020,5/17/21,10,5,QURU,13,S,0,34.8,42,5.5
2020,5/17/21,10,5,QURU,14,U,1,24.8,34.9,4.1
2020,5/17/21,10,5,QURU,15,S,0,30.2,34.8,3.5
2020,5/17/21,10,5,QURU,16,U,0,23.1,39.3,7.4
2020,5/17/21,10,5,QURU,17,U,1,27.5,29.1,4.3
2020,5/17/21,10,5,QURU,18,U,1,25.6,36.1,3.6
2020,5/17/21,10,5,QURU,19,U,0,25.3,37.6,5.2
2020,5/17/21,10,5,QURU,20,U,1,31.8,36.8,4.5
2020,5/17/21,10,5,TIAM,1,U,1,31.5,29.3,6.2
2020,5/17/21,10,5,TIAM,2,U,1,23.9,30.2,4.2
2020,5/17/21,10,5,TIAM,3,U,2,24.2,35.4,5.5
2020,5/17/21,10,5,TIAM,4,U,1,18.4,23,2.7
2020,5/17/21,10,5,TIAM,5,S,0,35.9,27,3.5
2020,5/17/21,10,5,TIAM,6,U,0,22,29,5.8
2020,5/17/21,10,5,TIAM,7,U,1,40,18.1,2.6
2020,5/17/21,10,5,TIAM,8,U,0,32.3,17.9,4.8
2020,5/17/21,10,5,TIAM,9,S,0,34.3,21.2,4.3
2020,5/17/21,10,5,TIAM,10,S,0,31.1,20.8,3.3
2020,5/17/21,10,5,TIAM,11,U,0,23.2,13.9,4.3
2020,5/17/21,10,5,TIAM,12,U,0,31.6,16.6,2.2
2020,5/17/21,10,5,TIAM,13,U,0,38,15.3,2.1
2020,5/17/21,10,5,TIAM,14,U,0,18.5,27.6,4.1
2020,5/17/21,10,5,TIAM,15,U,0,30.7,32,4.7
2020,5/17/21,10,5,TIAM,16,U,0,28.3,22,3.9
2020,5/17/21,10,5,TIAM,17,U,0,23.5,31.5,3.8
2020,5/17/21,10,5,TIAM,18,U,0,28.3,27.9,4
2020,5/17/21,10,5,TIAM,19,U,0,25.3,35,4.4
2020,5/17/21,10,5,TIAM,20,U,0,21.8,33.7,5
2020,5/14/21,8,1,ACRU,1,U,0,26.6,31.9,5.3
2020,5/14/21,8,1,ACRU,2,U,0,12.5,31.5,3.7
2020,5/14/21,8,1,ACRU,3,U,1,18.7,30.2,9.9
2020,5/14/21,8,1,ACRU,4,U,1,18.5,29,4.6
2020,5/14/21,8,1,ACRU,5,S,0,11.5,28,5.3
2020,5/14/21,8,1,ACRU,6,S,0,23.5,26.5,3.9
2020,5/14/21,8,1,ACRU,7,S,0,12.9,26.7,4.1
2020,5/14/21,8,1,ACRU,8,S,0,23.9,25,4.5
2020,5/14/21,8,1,ACRU,9,S,0,18,25.3,3.3
2020,5/14/21,8,1,ACRU,10,S,0,20,26.6,4.1
2020,5/14/21,8,1,ACRU,11,S,3,10.3,26.3,4.9
2020,5/14/21,8,1,ACRU,12,S,0,11.2,30.3,3.7
2020,5/14/21,8,1,ACRU,13,S,0,22.6,24.8,4.7
2020,5/14/21,8,1,ACRU,14,S,0,13.5,26.3,4.1
2020,5/14/21,8,1,ACRU,15,S,1,13.9,22.1,3.1
2020,5/14/21,8,1,ACRU,16,S,1,25.5,22,2.8
2020,5/14/21,8,1,ACRU,17,S,2,21.2,32.6,4.2
2020,5/14/21,8,1,ACRU,18,S,2,19.9,22.9,2.1
2020,5/14/21,8,1,ACRU,19,U,0,26,23.9,2.5
2020,5/14/21,8,1,ACRU,20,S,1,19.2,28,5.3
2020,5/14/21,8,1,ACSA,1,S,0,16.7,31.3,3.9
2020,5/14/21,8,1,ACSA,2,S,3,31.5,43.7,4.5
2020,5/14/21,8,1,ACSA,3,S,0,14.1,29.8,3.3
2020,5/14/21,8,1,ACSA,4,S,0,10.9,29.2,2.9
2020,5/14/21,8,1,ACSA,5,S,0,19.1,36,4.4
2020,5/14/21,8,1,ACSA,6,S,2,20.5,40.6,5
2020,5/14/21,8,1,ACSA,7,S,1,15.3,29.6,4.3
2020,5/14/21,8,1,ACSA,8,S,1,12.11,33.2,5.1
2020,5/14/21,8,1,ACSA,9,S,2,12.6,37,4.3
2020,5/14/21,8,1,ACSA,10,U,0,14.8,36.2,4.4
2020,5/14/21,8,1,ACSA,11,U,0,14.4,35.2,4.5
2020,5/14/21,8,1,ACSA,12,U,0,23.2,29,3
2020,5/14/21,8,1,ACSA,13,S,0,17,31.2,2.4
2020,5/14/21,8,1,ACSA,14,U,1,23.2,42.5,6.1
2020,5/14/21,8,1,ACSA,15,U,0,20.5,30.2,3.4
2020,5/14/21,8,1,ACSA,16,U,1,23.8,37.6,4.8
2020,5/14/21,8,1,ACSA,17,U,1,19.8,31.6,3.1
2020,5/14/21,8,1,ACSA,18,U,0,23.11,33,3.9
2020,5/14/21,8,1,ACSA,19,S,0,14,41.7,4.4
2020,5/14/21,8,1,ACSA,20,U,0,17.9,42.6,4.8
2020,5/14/21,8,1,NYSY,1,S,4,27.5,34.9,2.6
2020,5/14/21,8,1,NYSY,2,S,0,23.2,14.4,2.8
2020,5/14/21,8,1,NYSY,3,S,3,10,15.3,5.2
2020,5/14/21,8,1,NYSY,4,S,0,23.9,12.4,3.8
2020,5/14/21,8,1,NYSY,5,S,1,17.6,21,5.1
2020,5/14/21,8,1,NYSY,6,S,0,31.5,13,3.8
2020,5/14/21,8,1,NYSY,7,S,1,11.3,15.4,3.1
2020,5/14/21,8,1,NYSY,8,S,1,13.8,13,3.1
2020,5/14/21,8,1,NYSY,9,S,2,15.8,12.5,4.4
2020,5/14/21,8,1,NYSY,10,S,0,14,10.6,2.8
2020,5/14/21,8,1,NYSY,11,S,0,22.2,15.4,3.4
2020,5/14/21,8,1,NYSY,12,U,0,20.9,22.3,2.5
2020,5/14/21,8,1,NYSY,13,U,0,27.1,26.2,2.3
2020,5/14/21,8,1,NYSY,14,U,1,25.7,13.2,4.5
2020,5/14/21,8,1,NYSY,15,U,1,19.3,16.4,5.3
2020,5/14/21,8,1,NYSY,16,U,0,29.8,14.2,2.9
2020,5/14/21,8,1,NYSY,17,S,1,12.1,11.7,3.9
2020,5/14/21,8,1,NYSY,18,U,2,20.2,12,2.2
2020,5/14/21,8,1,NYSY,19,S,1,14.9,13,4.7
2020,5/14/21,8,1,NYSY,20,U,0,23.6,9.4,2.7
2020,5/14/21,8,1,PRSE,1,S,0,13.3,29.4,4.7
2020,5/14/21,8,1,PRSE,2,U,0,27.9,24.2,3
2020,5/14/21,8,1,PRSE,3,S,1,30.6,22.5,4.2
2020,5/14/21,8,1,PRSE,4,S,0,21.6,17.6,2.2
2020,5/14/21,8,1,PRSE,5,S,4,25.3,24.3,2.3
2020,5/14/21,8,1,PRSE,6,S,1,11.5,25.2,2.6
2020,5/14/21,8,1,PRSE,7,S,1,11.7,32,3.3
2020,5/14/21,8,1,PRSE,8,U,0,20.5,22,3.7
2020,5/14/21,8,1,PRSE,9,S,3,21.7,21.7,2.2
2020,5/14/21,8,1,PRSE,10,S,2,9.8,28.6,4.7
2020,5/14/21,8,1,PRSE,11,S,0,19.1,20,1.8
2020,5/14/21,8,1,PRSE,12,S,0,14.8,31.7,4.2
2020,5/14/21,8,1,PRSE,13,S,0,17.4,25.4,2.3
2020,5/14/21,8,1,PRSE,14,S,0,24.1,19.7,3.1
2020,5/14/21,8,1,PRSE,15,S,0,13.6,30,2.2
2020,5/14/21,8,1,PRSE,16,U,1,20.2,34.8,2.9
2020,5/14/21,8,1,PRSE,17,U,1,18.7,22.7,3.6
2020,5/14/21,8,1,PRSE,18,U,0,29.1,19.9,2.2
2020,5/14/21,8,1,PRSE,19,U,0,32.2,32.7,3.1
2020,5/14/21,8,1,PRSE,20,U,0,25,25.5,4.7
2020,5/14/21,8,1,BELE,1,U,1,25.6,38.5,4.2
2020,5/14/21,8,1,BELE,2,S,0,25,33,3.4
2020,5/14/21,8,1,BELE,3,S,0,26.9,37,4.3
2020,5/14/21,8,1,BELE,4,S,0,30.4,42.5,4.2
2020,5/14/21,8,1,BELE,5,S,1,22.4,40,3.9
2020,5/14/21,8,1,BELE,6,S,0,25,29.5,3
2020,5/14/21,8,1,BELE,7,S,1,25.8,32.5,3
2020,5/14/21,8,1,BELE,8,S,0,25.2,28,2.2
2020,5/14/21,8,1,BELE,9,U,2,27.5,29.5,3.1
2020,5/14/21,8,1,BELE,10,S,0,27.5,42,4.4
2020,5/14/21,8,1,BELE,11,S,2,31.6,25.5,3
2020,5/14/21,8,1,BELE,12,S,0,28.7,41.5,2.9
2020,5/14/21,8,1,BELE,13,S,3,23.3,21.5,2
2020,5/14/21,8,1,BELE,14,S,1,25.3,33,3.6
2020,5/14/21,8,1,BELE,15,S,0,21.1,38,3.4
2020,5/14/21,8,1,BELE,16,S,1,21.3,40,2.6
2020,5/14/21,8,1,BELE,17,S,1,23.6,36.5,4.7
2020,5/14/21,8,1,BELE,18,S,1,27,32,2
2020,5/14/21,8,1,BELE,19,S,1,22.6,30.5,5.4
2020,5/14/21,8,1,BELE,20,S,0,25.4,40.5,4.7
2020,5/14/21,8,1,CACO,1,U,1,26.8,19.5,1.7
2020,5/14/21,8,1,CACO,2,S,0,28.7,35.5,4.3
2020,5/14/21,8,1,CACO,3,S,0,24.5,24,3.6
2020,5/14/21,8,1,CACO,4,S,0,18.6,13.5,1.9
2020,5/14/21,8,1,CACO,5,S,1,27.6,25.5,2.4
2020,5/14/21,8,1,CACO,6,S,0,27.1,21,2
2020,5/14/21,8,1,CACO,7,U,1,27.2,24.5,3.4
2020,5/14/21,8,1,CACO,8,S,0,25.4,30,4.2
2020,5/14/21,8,1,CACO,9,U,1,26.1,23.5,3
2020,5/14/21,8,1,CACO,10,U,0,27.4,24,5.2
2020,5/14/21,8,1,CACO,11,U,1,20.7,20.5,2.5
2020,5/14/21,8,1,CACO,12,S,1,23.7,28.5,4.7
2020,5/14/21,8,1,CACO,13,S,0,23.1,33.5,3.8
2020,5/14/21,8,1,CACO,14,S,1,35.3,23.5,2.3
2020,5/14/21,8,1,CACO,15,S,1,24.6,27.5,3.8
2020,5/14/21,8,1,CACO,16,S,1,13.8,29,4.3
2020,5/14/21,8,1,CACO,17,S,1,24.4,17.5,3
2020,5/14/21,8,1,CACO,18,U,0,32.6,32,3.2
2020,5/14/21,8,1,CACO,19,U,1,21.6,25,3.1
2020,5/14/21,8,1,CACO,20,U,0,22.5,38,4.4
2020,5/14/21,8,1,QURU,1,S,0,22.8,40,6.1
2020,5/14/21,8,1,QURU,2,U,0,31.4,35.5,6.3
2020,5/14/21,8,1,QURU,3,U,0,19.1,36.5,7.5
2020,5/14/21,8,1,QURU,4,U,0,20.9,30.5,6.3
2020,5/14/21,8,1,QURU,5,S,0,29.7,29,4.8
2020,5/14/21,8,1,QURU,6,S,1,23.6,25.5,6.8
2020,5/14/21,8,1,QURU,7,S,0,12.1,29,4.2
2020,5/14/21,8,1,QURU,8,U,0,24,26,4.1
2020,5/14/21,8,1,QURU,9,S,1,25.2,37.5,5.3
2020,5/14/21,8,1,QURU,10,S,0,29.2,38,4.6
2020,5/14/21,8,1,QURU,11,U,1,25.5,46,6.7
2020,5/14/21,8,1,QURU,12,S,0,19.1,39,7.4
2020,5/14/21,8,1,QURU,13,S,0,25.5,33.5,4.8
2020,5/14/21,8,1,QURU,14,S,1,19.5,44,7.8
2020,5/14/21,8,1,QURU,15,S,1,24.3,42,7.2
2020,5/14/21,8,1,QURU,16,S,1,21.9,37.5,4.6
2020,5/14/21,8,1,QURU,17,S,1,33.6,36,5.8
2020,5/14/21,8,1,QURU,18,S,1,24.1,46.5,4.9
2020,5/14/21,8,1,QURU,19,U,1,18.7,35.5,7.5
2020,5/14/21,8,1,QURU,20,U,1,27.1,38,6.6
2020,5/14/21,8,1,TIAM,1,U,1,33.1,24.5,3.1
2020,5/14/21,8,1,TIAM,2,S,0,26.3,24,3.9
2020,5/14/21,8,1,TIAM,3,S,1,22.1,22,4.4
2020,5/14/21,8,1,TIAM,4,S,0,22.3,23.5,2.7
2020,5/14/21,8,1,TIAM,5,U,1,29.5,23,3.6
2020,5/14/21,8,1,TIAM,6,U,0,31.6,28.5,2.4
2020,5/14/21,8,1,TIAM,7,S,1,23.6,19,2.7
2020,5/14/21,8,1,TIAM,8,S,1,24.9,29,3.4
2020,5/14/21,8,1,TIAM,9,U,1,24.8,27,3.3
2020,5/14/21,8,1,TIAM,10,S,0,24.8,17,3.6
2020,5/14/21,8,1,TIAM,11,S,0,28.3,22,5.8
2020,5/14/21,8,1,TIAM,12,S,0,24.7,18,3.6
2020,5/14/21,8,1,TIAM,13,S,1,26.8,31,7.7
2020,5/14/21,8,1,TIAM,14,S,1,22.8,25,5.1
2020,5/14/21,8,1,TIAM,15,U,0,29.1,23,3.3
2020,5/14/21,8,1,TIAM,16,S,0,19,27,4.9
2020,5/14/21,8,1,TIAM,17,S,1,27.8,26.5,8.9
2020,5/14/21,8,1,TIAM,18,U,0,28.9,11,2.7
2020,5/14/21,8,1,TIAM,19,U,0,30.6,22,5
2020,5/14/21,8,1,TIAM,20,U,1,9.8,17,2.1
2020,5/14/21,3,5,ACRU,1,U,1,25.8,23,4
2020,5/14/21,3,5,ACRU,2,U,0,23.5,26.5,5.1
2020,5/14/21,3,5,ACRU,3,U,0,26.8,27,6
2020,5/14/21,3,5,ACRU,4,U,1,28.6,25.5,4
2020,5/14/21,3,5,ACRU,5,U,1,24,28.5,4.5
2020,5/14/21,3,5,ACRU,6,U,0,22.6,20,2.6
2020,5/14/21,3,5,ACRU,7,U,0,19,22.5,4.9
2020,5/14/21,3,5,ACRU,8,U,1,28,30,4
2020,5/14/21,3,5,ACRU,9,U,0,25,31,5.9
2020,5/14/21,3,5,ACRU,10,U,2,19.9,23.5,6
2020,5/14/21,3,5,ACRU,11,U,2,26.3,33.5,4.1
2020,5/14/21,3,5,ACRU,12,U,3,30.7,27.5,4.3
2020,5/14/21,3,5,ACRU,13,U,1,29.3,27,4.3
2020,5/14/21,3,5,ACRU,14,U,1,29.5,25.5,2.6
2020,5/14/21,3,5,ACRU,15,U,1,21.2,21.5,4.7
2020,5/14/21,3,5,ACRU,16,U,3,24.7,24.2,4.8
2020,5/14/21,3,5,ACRU,17,U,1,29.8,32.5,3.4
2020,5/14/21,3,5,ACRU,18,U,2,28.6,30.5,3.7
2020,5/14/21,3,5,ACRU,19,U,3,23.4,28,5.3
2020,5/14/21,3,5,ACRU,20,U,0,21.4,26,6.4
2020,5/14/21,3,5,ACSA,1,U,0,22.2,30.5,4.5
2020,5/14/21,3,5,ACSA,2,U,2,21,32.5,4.1
2020,5/14/21,3,5,ACSA,3,U,1,28.8,47.5,3.9
2020,5/14/21,3,5,ACSA,4,U,1,17.8,24.5,3.3
2020,5/14/21,3,5,ACSA,5,U,2,26.2,38.5,4
2020,5/14/21,3,5,ACSA,6,U,0,16.8,25,2.3
2020,5/14/21,3,5,ACSA,7,U,1,12.4,31.5,3.3
2020,5/14/21,3,5,ACSA,8,U,1,27.5,29.5,3.6
2020,5/14/21,3,5,ACSA,9,U,0,29.7,31,3.4
2020,5/14/21,3,5,ACSA,10,U,3,24.5,33,3.1
2020,5/14/21,3,5,ACSA,11,U,2,25.1,24,3.1
2020,5/14/21,3,5,ACSA,12,U,2,14.9,39,2.7
2020,5/14/21,3,5,ACSA,13,U,3,11.3,44.5,6.2
2020,5/14/21,3,5,ACSA,14,U,1,22.3,36,4.8
2020,5/14/21,3,5,ACSA,15,U,0,28.7,37.5,4.1
2020,5/14/21,3,5,ACSA,16,U,1,16.7,25,2.7
2020,5/14/21,3,5,ACSA,17,U,2,24.4,34,4.3
2020,5/14/21,3,5,ACSA,18,U,0,17.9,53,8.4
2020,5/14/21,3,5,ACSA,19,U,0,24.6,33,5.3
2020,5/14/21,3,5,ACSA,20,U,0,24.1,43,4.4
2020,5/14/21,3,5,ACSA,21,U,1,,36.5,3.2
2020,5/14/21,3,5,NYSY,1,U,0,17.6,13,4.5
2020,5/14/21,3,5,NYSY,2,U,0,14.2,15,6
2020,5/14/21,3,5,NYSY,3,U,1,20.4,8,3.5
2020,5/14/21,3,5,NYSY,4,U,1,14.4,12,2.4
2020,5/14/21,3,5,NYSY,5,U,3,20.9,11.5,3
2020,5/14/21,3,5,NYSY,6,U,0,22.8,10.5,4.6
2020,5/14/21,3,5,NYSY,7,U,,24.4,,
2020,5/14/21,3,5,NYSY,8,U,0,21.4,12,4.3
2020,5/14/21,3,5,NYSY,9,U,0,8.1,9,3.3
2020,5/14/21,3,5,NYSY,10,U,0,29.2,15,4.9
2020,5/14/21,3,5,NYSY,11,U,1,16,15,5.7
2020,5/14/21,3,5,NYSY,12,U,2,19.2,9.5,3.7
2020,5/14/21,3,5,NYSY,13,U,1,16.7,12.5,3.9
2020,5/14/21,3,5,NYSY,14,U,1,11.2,10,2.6
2020,5/14/21,3,5,NYSY,15,U,1,20,12,4.6
2020,5/14/21,3,5,NYSY,16,U,0,17.3,10.5,3.8
2020,5/14/21,3,5,NYSY,17,U,1,26.8,12.5,4.7
2020,5/14/21,3,5,NYSY,18,U,0,24.4,11.5,4.7
2020,5/14/21,3,5,NYSY,19,U,2,17.1,12,4.4
2020,5/14/21,3,5,NYSY,20,U,0,39.6,11.5,3.6
2020,5/14/21,3,5,PRSE,1,U,0,46,28.5,3.4
2020,5/14/21,3,5,PRSE,2,U,2,19.1,25,5.9
2020,5/14/21,3,5,PRSE,3,U,2,17.5,18.5,2.3
2020,5/14/21,3,5,PRSE,4,U,2,26.6,29,2.7
2020,5/14/21,3,5,PRSE,5,U,4,24.8,33.7,3.1
2020,5/14/21,3,5,PRSE,6,U,3,16.7,17.5,3.3
2020,5/14/21,3,5,PRSE,7,U,1,18.7,28,3.7
2020,5/14/21,3,5,PRSE,8,U,0,25.7,22.5,3.9
2020,5/14/21,3,5,PRSE,9,U,0,25.1,29.5,4.8
2020,5/14/21,3,5,PRSE,10,U,1,31.2,23.5,3.4
2020,5/14/21,3,5,PRSE,11,U,0,24.5,19,4.3
2020,5/14/21,3,5,PRSE,12,U,1,33.2,25,2.9
2020,5/14/21,3,5,PRSE,13,U,3,23.4,26.5,4.3
2020,5/14/21,3,5,PRSE,14,U,1,17.2,22.5,2.3
2020,5/14/21,3,5,PRSE,15,U,2,29.3,23,3.2
2020,5/14/21,3,5,PRSE,16,U,2,8.9,31.5,3.9
2020,5/14/21,3,5,PRSE,17,U,2,15.5,26,2.3
2020,5/14/21,3,5,PRSE,18,U,3,20,36,3.7
2020,5/14/21,3,5,PRSE,19,U,1,26.8,20.5,4.8
2020,5/14/21,3,5,PRSE,20,U,2,25.3,25,2.6
2020,5/14/21,3,5,BELE,1,U,2,24.4,24,2.5
2020,5/14/21,3,5,BELE,2,U,0,26.7,34.5,3.7
2020,5/14/21,3,5,BELE,3,U,0,38.5,37,4.1
2020,5/14/21,3,5,BELE,4,U,0,27.6,35.5,4.3
2020,5/14/21,3,5,BELE,5,U,1,31.9,38,3.6
2020,5/14/21,3,5,BELE,6,U,0,,31,3.5
2020,5/14/21,3,5,BELE,7,U,2,19.3,39,4.1
2020,5/14/21,3,5,BELE,8,U,1,31.6,39.5,4
2020,5/14/21,3,5,BELE,9,U,1,28.1,31,3.2
2020,5/14/21,3,5,BELE,10,U,1,20,36.5,3.1
2020,5/14/21,3,5,BELE,11,U,1,27,44,5
2020,5/14/21,3,5,BELE,12,U,0,25.5,36.5,3.6
2020,5/14/21,3,5,BELE,13,U,0,20.7,41,4.1
2020,5/14/21,3,5,BELE,14,U,1,21.3,25,2.6
2020,5/14/21,3,5,BELE,15,U,1,18.8,36,2.4
2020,5/14/21,3,5,BELE,16,U,0,28.8,33,2.8
2020,5/14/21,3,5,BELE,17,U,0,35.9,36,3.6
2020,5/14/21,3,5,BELE,18,U,1,14,27.5,2.1
2020,5/14/21,3,5,BELE,19,U,0,25.7,39.5,3.5
2020,5/14/21,3,5,BELE,20,U,1,29.5,32,3.1
2020,5/14/21,3,5,CACO,1,U,0,28.3,28,3.3
2020,5/14/21,3,5,CACO,2,U,0,20,22,2.7
2020,5/14/21,3,5,CACO,3,U,1,23.5,23.5,2.4
2020,5/14/21,3,5,CACO,4,U,0,19.4,29,3.9
2020,5/14/21,3,5,CACO,5,U,1,27.1,25,2.2
2020,5/14/21,3,5,CACO,6,U,1,25.1,12,1.9
2020,5/14/21,3,5,CACO,7,U,0,31.1,31.5,4.6
2020,5/14/21,3,5,CACO,8,U,1,18.8,31,3.2
2020,5/14/21,3,5,CACO,9,U,0,28.4,24.5,3.6
2020,5/14/21,3,5,CACO,10,U,1,18.6,20.5,3.3
2020,5/14/21,3,5,CACO,11,U,1,23.9,27,3.3
2020,5/14/21,3,5,CACO,12,U,0,27.4,29,3.5
2020,5/14/21,3,5,CACO,13,U,0,28.4,22,3
2020,5/14/21,3,5,CACO,14,U,1,21.5,25,3.5
2020,5/14/21,3,5,CACO,15,U,0,33.7,30,3.1
2020,5/14/21,3,5,CACO,16,U,1,24.4,18.5,2.2
2020,5/14/21,3,5,CACO,17,U,1,29.2,28.5,3
2020,5/14/21,3,5,CACO,18,U,1,23.5,30,3.2
2020,5/14/21,3,5,CACO,19,U,0,29.2,32,3.8
2020,5/14/21,3,5,CACO,20,U,0,24.9,21.5,2.9
2020,5/14/21,3,5,QURU,1,U,3,21.5,42,6.4
2020,5/14/21,3,5,QURU,2,U,0,29.9,29.5,7.8
2020,5/14/21,3,5,QURU,3,U,0,21.9,31.5,5.7
2020,5/14/21,3,5,QURU,4,U,1,24.1,43,7.4
2020,5/14/21,3,5,QURU,5,U,0,28.1,42,6.5
2020,5/14/21,3,5,QURU,6,U,0,29.1,55,7.6
2020,5/14/21,3,5,QURU,7,U,1,26,37,6.3
2020,5/14/21,3,5,QURU,8,U,0,27.9,57,5.3
2020,5/14/21,3,5,QURU,9,U,1,30.9,44.5,6.7
2020,5/14/21,3,5,QURU,10,U,0,23.7,37,8
2020,5/14/21,3,5,QURU,11,U,1,23.8,36,7.2
2020,5/14/21,3,5,QURU,12,U,3,29,40,7.3
2020,5/14/21,3,5,QURU,13,U,1,20.8,48.5,6.3
2020,5/14/21,3,5,QURU,14,U,0,26.7,41,6.4
2020,5/14/21,3,5,QURU,15,U,1,24.5,49.5,5.3
2020,5/14/21,3,5,QURU,16,U,0,22.4,42.5,5.7
2020,5/14/21,3,5,QURU,17,U,1,27.8,52,5.9
2020,5/14/21,3,5,QURU,18,U,1,28.9,50.5,5.8
2020,5/14/21,3,5,QURU,19,U,0,21.4,46,7.2
2020,5/14/21,3,5,QURU,20,U,0,31.5,49.5,7.3
2020,5/14/21,3,5,TIAM,1,U,1,23.9,12,3
2020,5/14/21,3,5,TIAM,2,U,0,25.9,20,3.5
2020,5/14/21,3,5,TIAM,3,U,1,32.4,11,3.3
2020,5/14/21,3,5,TIAM,4,U,0,19.6,18,2
2020,5/14/21,3,5,TIAM,5,U,3,22.3,17,3.8
2020,5/14/21,3,5,TIAM,6,U,0,36.8,22,4.7
2020,5/14/21,3,5,TIAM,7,U,0,40.1,39.5,4.2
2020,5/14/21,3,5,TIAM,8,U,1,31.4,29,7.5
2020,5/14/21,3,5,TIAM,9,U,2,30.7,12.5,2.3
2020,5/14/21,3,5,TIAM,10,U,1,22.5,20,3.1
2020,5/14/21,3,5,TIAM,11,U,1,22.9,22,5.2
2020,5/14/21,3,5,TIAM,12,U,0,33.1,25.5,4.8
2020,5/14/21,3,5,TIAM,13,U,0,31.4,22,6.4
2020,5/14/21,3,5,TIAM,14,U,0,27.1,19,3.9
2020,5/14/21,3,5,TIAM,15,U,0,29.3,21.5,4.2
2020,5/14/21,3,5,TIAM,16,U,0,31.1,26.5,5.5
2020,5/14/21,3,5,TIAM,17,U,2,22.4,16.5,2.9
2020,5/14/21,3,5,TIAM,18,U,0,28.2,27,2.7
2020,5/14/21,3,5,TIAM,19,U,0,31.3,22.5,3.1
2020,5/14/21,3,5,TIAM,20,U,0,23.9,31.5,5.7
2020,5/18/21,2,5,ACRU,1,U,1,27.4,18,2.9
2020,5/18/21,2,5,ACRU,2,U,0,27.2,16.9,2.7
2020,5/18/21,2,5,ACRU,3,U,1,24.4,24,2.8
2020,5/18/21,2,5,ACRU,4,U,1,31.4,23,3
2020,5/18/21,2,5,ACRU,5,U,1,22.6,24.5,3.4
2020,5/18/21,2,5,ACRU,6,U,3,23.7,26,3
2020,5/18/21,2,5,ACRU,7,U,1,24,21,2.7
2020,5/18/21,2,5,ACRU,8,U,1,31,23.5,3.1
2020,5/18/21,2,5,ACRU,9,U,1,25.5,24,2.7
2020,5/18/21,2,5,ACRU,10,U,0,27,23.1,2.7
2020,5/18/21,2,5,ACRU,11,U,2,31.9,25,2
2020,5/18/21,2,5,ACRU,12,U,2,25,29,3.2
2020,5/18/21,2,5,ACRU,13,U,4,28,26,4.1
2020,5/18/21,2,5,ACRU,14,U,2,28,24.9,2.8
2020,5/18/21,2,5,ACRU,15,U,2,30.1,19.5,2.2
2020,5/18/21,2,5,ACRU,16,U,1,28.3,27.5,3.3
2020,5/18/21,2,5,ACRU,17,U,0,29.3,23.5,2.6
2020,5/18/21,2,5,ACRU,18,U,4,25.7,25,2
2020,5/18/21,2,5,ACRU,19,U,3,25.6,17,2.3
2020,5/18/21,2,5,ACRU,20,U,2,28.6,18.5,2.7
2020,5/18/21,2,5,ACSA,1,U,1,26.9,35,4
2020,5/18/21,2,5,ACSA,2,U,2,29.7,44.5,5.9
2020,5/18/21,2,5,ACSA,3,U,2,22.9,43,3.6
2020,5/18/21,2,5,ACSA,4,U,2,28.8,29.5,2.9
2020,5/18/21,2,5,ACSA,5,U,1,28.5,40.5,4
2020,5/18/21,2,5,ACSA,6,U,2,28.6,42.5,5.1
2020,5/18/21,2,5,ACSA,7,U,1,32.7,18,2.7
2020,5/18/21,2,5,ACSA,8,U,1,19.9,44,1
2020,5/18/21,2,5,ACSA,9,U,2,29,38,3.8
2020,5/18/21,2,5,ACSA,10,U,1,31.6,40.9,4.9
2020,5/18/21,2,5,ACSA,11,U,2,32.3,40,4
2020,5/18/21,2,5,ACSA,12,U,1,28.1,36.5,4.6
2020,5/18/21,2,5,ACSA,13,U,3,26,42.5,5.5
2020,5/18/21,2,5,ACSA,14,U,0,30.9,29.5,4.2
2020,5/18/21,2,5,ACSA,15,U,1,27.4,33.2,4.3
2020,5/18/21,2,5,ACSA,16,U,1,28.2,36,3
2020,5/18/21,2,5,ACSA,17,U,2,26.7,32,2.2
2020,5/18/21,2,5,ACSA,18,U,1,24.5,45,4.5
2020,5/18/21,2,5,ACSA,19,U,1,24.6,38,4.2
2020,5/18/21,2,5,ACSA,20,U,2,34,34.9,3.2
2020,5/18/21,2,5,NYSY,1,U,1,24.4,38.5,2.9
2020,5/18/21,2,5,NYSY,2,U,1,28.8,10.5,3
2020,5/18/21,2,5,NYSY,3,U,1,21,10.9,4.9
2020,5/18/21,2,5,NYSY,4,U,2,25,11,4.6
2020,5/18/21,2,5,NYSY,5,U,0,28.1,12.1,3.7
2020,5/18/21,2,5,NYSY,6,U,1,28.8,35.5,2.7
2020,5/18/21,2,5,NYSY,7,U,1,29.1,14,3.9
2020,5/18/21,2,5,NYSY,8,U,1,28.5,9.5,3.5
2020,5/18/21,2,5,NYSY,9,U,2,21.5,10.5,4.8
2020,5/18/21,2,5,NYSY,10,U,1,30.2,34.5,2.3
2020,5/18/21,2,5,NYSY,11,U,0,36.5,30.5,3.2
2020,5/18/21,2,5,NYSY,12,U,1,28.8,12,2.9
2020,5/18/21,2,5,NYSY,13,U,2,29.3,17,3.8
2020,5/18/21,2,5,NYSY,14,U,0,22,11.5,2.5
2020,5/18/21,2,5,NYSY,15,U,0,30.8,9,2.6
2020,5/18/21,2,5,NYSY,16,U,4,21.6,12,3.5
2020,5/18/21,2,5,NYSY,17,U,0,18.2,10.5,3.5
2020,5/18/21,2,5,NYSY,18,U,1,26.1,17,4.4
2020,5/18/21,2,5,NYSY,19,U,1,18.9,13.5,4
2020,5/18/21,2,5,NYSY,20,U,1,36.1,9.5,2.6
2020,5/18/21,2,5,PRSE,1,U,2,26.4,22.5,3.4
2020,5/18/21,2,5,PRSE,2,U,1,22.2,29.5,4.2
2020,5/18/21,2,5,PRSE,3,U,1,15,26.5,3.9
2020,5/18/21,2,5,PRSE,4,U,1,33.4,17.3,4.8
2020,5/18/21,2,5,PRSE,5,U,1,36.5,25.5,3.9
2020,5/18/21,2,5,PRSE,6,U,4,24,25,3
2020,5/18/21,2,5,PRSE,7,U,0,32.5,17.5,4.9
2020,5/18/21,2,5,PRSE,8,U,2,23.7,29,2.7
2020,5/18/21,2,5,PRSE,9,U,0,20,24.8,3.8
2020,5/18/21,2,5,PRSE,10,U,1,26.1,16,2.4
2020,5/18/21,2,5,PRSE,11,U,0,22.5,22.5,4.3
2020,5/18/21,2,5,PRSE,12,U,1,29.4,31.2,1
2020,5/18/21,2,5,PRSE,13,U,1,29.5,28,3.1
2020,5/18/21,2,5,PRSE,14,U,1,20.4,28,4.1
2020,5/18/21,2,5,PRSE,15,U,2,39.6,17,3.1
2020,5/18/21,2,5,PRSE,16,U,1,28.9,21.5,3
2020,5/18/21,2,5,PRSE,17,U,1,22,26.5,2.9
2020,5/18/21,2,5,PRSE,18,U,3,20.9,19,3
2020,5/18/21,2,5,PRSE,19,U,1,26.4,30,3.4
2020,5/18/21,2,5,PRSE,20,U,2,23.3,19.5,2.9
2020,5/18/21,2,5,BELE,1,U,1,23.4,34.5,3.2
2020,5/18/21,2,5,BELE,2,U,1,28.4,22,1.4
2020,5/18/21,2,5,BELE,3,U,0,36.2,28,1.5
2020,5/18/21,2,5,BELE,4,U,0,19.6,22.5,1
2020,5/18/21,2,5,BELE,5,U,2,23.2,35.5,4
2020,5/18/21,2,5,BELE,6,U,2,18,28,2.9
2020,5/18/21,2,5,BELE,7,U,0,26.3,28,2.6
2020,5/18/21,2,5,BELE,8,U,0,21.4,28.1,2.7
2020,5/18/21,2,5,BELE,9,U,0,29.7,25,2.9
2020,5/18/21,2,5,BELE,10,U,1,31.2,26,1.8
2020,5/18/21,2,5,BELE,11,U,1,21.5,19.5,1.8
2020,5/18/21,2,5,BELE,12,U,1,21,26.5,2.7
2020,5/18/21,2,5,BELE,13,U,3,15.1,29,3.1
2020,5/18/21,2,5,BELE,14,U,2,24.1,40,2
2020,5/18/21,2,5,BELE,15,U,1,24.2,27,2.7
2020,5/18/21,2,5,BELE,16,U,1,26.6,37,1.6
2020,5/18/21,2,5,BELE,17,U,4,29.1,25,2.7
2020,5/18/21,2,5,BELE,18,U,1,13.5,28,3.2
2020,5/18/21,2,5,BELE,19,U,4,22.6,40,3.5
2020,5/18/21,2,5,BELE,20,U,4,23.3,27,2
2020,5/18/21,2,5,CACO,1,U,0,29.5,26,4.1
2020,5/18/21,2,5,CACO,2,U,0,27.3,27.5,5.7
2020,5/18/21,2,5,CACO,3,U,3,18.8,14.5,2.2
2020,5/18/21,2,5,CACO,4,U,0,22.2,28.1,3.8
2020,5/18/21,2,5,CACO,5,U,1,14.7,19.5,2
2020,5/18/21,2,5,CACO,6,U,0,20.3,22.5,2.8
2020,5/18/21,2,5,CACO,7,U,0,32.4,15.1,3.1
2020,5/18/21,2,5,CACO,8,U,1,30,18.5,2.8
2020,5/18/21,2,5,CACO,9,U,1,25,15.5,3.6
2020,5/18/21,2,5,CACO,10,U,0,30,11,1.6
2020,5/18/21,2,5,CACO,11,U,0,31.4,17,2.7
2020,5/18/21,2,5,CACO,12,U,1,18.2,13,1.8
2020,5/18/21,2,5,CACO,13,U,0,19.2,16.5,2.3
2020,5/18/21,2,5,CACO,14,U,1,21.6,22,2.5
2020,5/18/21,2,5,CACO,15,U,1,20.4,20,2.9
2020,5/18/21,2,5,CACO,16,U,1,18,26.5,3.1
2020,5/18/21,2,5,CACO,17,U,1,22.2,31.2,3.6
2020,5/18/21,2,5,CACO,18,U,2,20.6,23.5,5.1
2020,5/18/21,2,5,CACO,19,U,3,30.5,22,3.5
2020,5/18/21,2,5,CACO,20,U,0,17.9,25,3.5
2020,5/18/21,2,5,QURU,1,U,0,25.4,38.5,4.8
2020,5/18/21,2,5,QURU,2,U,1,18.6,38.5,7
2020,5/18/21,2,5,QURU,3,U,1,23.2,38.5,6.2
2020,5/18/21,2,5,QURU,4,U,2,27.2,41.5,5.9
2020,5/18/21,2,5,QURU,5,U,1,23.2,39.5,7.8
2020,5/18/21,2,5,QURU,6,U,1,31.7,40.5,5.7
2020,5/18/21,2,5,QURU,7,U,1,26.9,44,6.3
2020,5/18/21,2,5,QURU,8,U,1,22.7,38,4.1
2020,5/18/21,2,5,QURU,9,U,1,25.7,41,6.4
2020,5/18/21,2,5,QURU,10,U,0,30.2,33,5.2
2020,5/18/21,2,5,QURU,11,U,1,21,42,3.8
2020,5/18/21,2,5,QURU,12,U,0,27.6,40.3,6.7
2020,5/18/21,2,5,QURU,13,U,1,25.2,34,5.7
2020,5/18/21,2,5,QURU,14,U,0,27.4,33,5.5
2020,5/18/21,2,5,QURU,15,U,1,29.8,34.5,6
2020,5/18/21,2,5,QURU,16,U,1,34.4,37.5,5.5
2020,5/18/21,2,5,QURU,17,U,1,21.2,42,6.3
2020,5/18/21,2,5,QURU,18,U,0,19.9,37,8.4
2020,5/18/21,2,5,QURU,19,U,2,17.5,32.5,6.9
2020,5/18/21,2,5,QURU,20,U,1,18.6,39,5.8
2020,5/18/21,2,5,TIAM,1,U,1,16.3,21.5,3.7
2020,5/18/21,2,5,TIAM,2,U,2,24,30,6.2
2020,5/18/21,2,5,TIAM,3,U,2,22.9,28,6.2
2020,5/18/21,2,5,TIAM,4,U,4,17.6,26,3.5
2020,5/18/21,2,5,TIAM,5,U,0,26.7,26.5,4
2020,5/18/21,2,5,TIAM,6,U,1,18.4,16,3.4
2020,5/18/21,2,5,TIAM,7,,,23.9,,
2020,5/18/21,2,5,TIAM,8,U,1,20.5,24.5,5
2020,5/18/21,2,5,TIAM,9,U,0,22.8,29,10
2020,5/18/21,2,5,TIAM,10,U,1,29.9,30,5.8
2020,5/18/21,2,5,TIAM,11,U,1,26.3,20,4.5
2020,5/18/21,2,5,TIAM,12,U,1,30.7,28,4.3
2020,5/18/21,2,5,TIAM,13,U,1,18.2,24.5,4.5
2020,5/18/21,2,5,TIAM,14,U,2,26.7,25.2,6.3
2020,5/18/21,2,5,TIAM,15,U,0,22,24.3,5.8
2020,5/18/21,2,5,TIAM,16,U,2,16.3,29,4
2020,5/18/21,2,5,TIAM,17,U,0,31.5,16.5,3
2020,5/18/21,2,5,TIAM,18,U,0,18.7,22.8,4.8
2020,5/18/21,2,5,TIAM,19,U,1,15.8,27,5.4
2020,5/18/21,2,5,TIAM,20,U,1,30.7,27.5,4.5
2020,6/16/21,2,9,ACRU,1,S,1,19.4,25,3.7
2020,6/16/21,2,9,ACRU,2,U,0,26.6,22,6.2
2020,6/16/21,2,9,ACRU,3,S,1,35.9,31.5,6.7
2020,6/16/21,2,9,ACRU,4,U,2,28,21.5,1.9
2020,6/16/21,2,9,ACRU,5,S,0,28.5,19.2,3.2
2020,6/16/21,2,9,ACRU,6,U,1,25.1,23.8,6.2
2020,6/16/21,2,9,ACRU,7,U,2,29.8,22,3.4
2020,6/16/21,2,9,ACRU,8,U,1,27.6,25,2.9
2020,6/16/21,2,9,ACRU,9,U,1,31.7,28.2,4.3
2020,6/16/21,2,9,ACRU,10,S,0,26.6,30,3.6
2020,6/16/21,2,9,ACRU,11,U,2,20.2,24.5,4.3
2020,6/16/21,2,9,ACRU,12,U,0,22.9,29.5,4.8
2020,6/16/21,2,9,ACRU,13,U,0,25.2,20,5.2
2020,6/16/21,2,9,ACRU,14,U,0,29,27.6,6.1
2020,6/16/21,2,9,ACRU,15,S,0,21.5,23.2,4.3
2020,6/16/21,2,9,ACRU,16,U,1,17.2,35,4.8
2020,6/16/21,2,9,ACRU,17,U,0,21.7,30,5.6
2020,6/16/21,2,9,ACRU,18,U,0,23.5,30.8,6.1
2020,6/16/21,2,9,ACRU,19,S,0,27.8,28.2,3.3
2020,6/16/21,2,9,ACRU,20,U,1,29,22.2,5
2020,6/16/21,2,9,ACSA,1,U,1,22.3,45,6.5
2020,6/16/21,2,9,ACSA,2,S,0,31.7,40,4.6
2020,6/16/21,2,9,ACSA,3,U,1,37.2,41.8,4
2020,6/16/21,2,9,ACSA,4,U,0,25.5,46,9.5
2020,6/16/21,2,9,ACSA,5,U,2,17.3,30.5,5.6
2020,6/16/21,2,9,ACSA,6,U,3,27.5,37,5.2
2020,6/16/21,2,9,ACSA,7,S,0,26.5,35.5,4.7
2020,6/16/21,2,9,ACSA,8,U,0,28,47,3.5
2020,6/16/21,2,9,ACSA,9,U,2,30.8,42,4.8
2020,6/16/21,2,9,ACSA,10,U,1,32.7,46,7.4
2020,6/16/21,2,9,ACSA,11,U,1,30.9,43,6.9
2020,6/16/21,2,9,ACSA,12,S,0,28.6,41,6.6
2020,6/16/21,2,9,ACSA,13,U,1,26.3,45,6.4
2020,6/16/21,2,9,ACSA,14,S,0,26.3,41,6
2020,6/16/21,2,9,ACSA,15,U,0,27.1,41.5,6.4
2020,6/16/21,2,9,ACSA,16,U,0,21.1,34,3.2
2020,6/16/21,2,9,ACSA,17,U,0,20,39.5,3.3
2020,6/16/21,2,9,ACSA,18,S,0,29.5,22,4.9
2020,6/16/21,2,9,ACSA,19,U,0,23.2,41,4.8
2020,6/16/21,2,9,ACSA,20,U,0,25.1,54,6.5
2020,6/16/21,2,9,NYSY,1,S,0,26,13,3.7
2020,6/16/21,2,9,NYSY,2,S,0,29.8,14,4.4
2020,6/16/21,2,9,NYSY,3,S,0,22.6,14.5,4.2
2020,6/16/21,2,9,NYSY,4,U,1,28.2,28,3.2
2020,6/16/21,2,9,NYSY,5,U,0,18.6,15,4.8
2020,6/16/21,2,9,NYSY,6,U,0,18,12.5,5.4
2020,6/16/21,2,9,NYSY,7,S,0,24.9,41,4.7
2020,6/16/21,2,9,NYSY,8,S,1,29.7,10.5,5.6
2020,6/16/21,2,9,NYSY,9,U,1,10.8,12.2,3.7
2020,6/16/21,2,9,NYSY,10,U,0,28.5,10.2,3.5
2020,6/16/21,2,9,NYSY,11,,,,,
2020,6/16/21,2,9,NYSY,12,S,1,23.5,12,4.6
2020,6/16/21,2,9,NYSY,13,,,,,
2020,6/16/21,2,9,NYSY,14,U,2,27.9,11.2,4.8
2020,6/16/21,2,9,NYSY,15,S,0,28.7,16,5
2020,6/16/21,2,9,NYSY,16,S,0,26.5,13.5,5.6
2020,6/16/21,2,9,NYSY,17,S,0,22.2,11,4.7
2020,6/16/21,2,9,NYSY,18,,,,,
2020,6/16/21,2,9,NYSY,19,S,1,29.6,12,4.4
2020,6/16/21,2,9,NYSY,20,U,1,25.8,12,4.2
2020,6/16/21,2,9,PRSE,1,U,0,24.7,20,2.4
2020,6/16/21,2,9,PRSE,2,S,0,30.8,25.5,4
2020,6/16/21,2,9,PRSE,3,U,0,18.5,29,5
2020,6/16/21,2,9,PRSE,4,U,1,30.5,21,5
2020,6/16/21,2,9,PRSE,5,U,1,21.8,24,4
2020,6/16/21,2,9,PRSE,6,U,1,26.6,29,4.8
2020,6/16/21,2,9,PRSE,7,S,0,30.8,26.5,4.4
2020,6/16/21,2,9,PRSE,8,U,0,26.5,26,4.5
2020,6/16/21,2,9,PRSE,9,U,1,24.3,23.2,3.3
2020,6/16/21,2,9,PRSE,10,S,1,30.1,26.8,4.7
2020,6/16/21,2,9,PRSE,11,S,0,28.7,26.4,3.1
2020,6/16/21,2,9,PRSE,12,S,2,26.1,29,5.2
2020,6/16/21,2,9,PRSE,13,S,1,32.9,30.8,4.9
2020,6/16/21,2,9,PRSE,14,U,0,21,24,4.2
2020,6/16/21,2,9,PRSE,15,S,1,28.8,26.5,5.6
2020,6/16/21,2,9,PRSE,16,U,1,23.9,27,4.4
2020,6/16/21,2,9,PRSE,17,U,1,34.9,26,3.7
2020,6/16/21,2,9,PRSE,18,U,3,28.9,21.5,2.5
2020,6/16/21,2,9,PRSE,19,U,1,32.4,23.2,3.3
2020,6/16/21,2,9,PRSE,20,U,2,29,24,5.2
2020,6/16/21,2,9,BELE,1,S,0,31.7,35.3,3.5
2020,6/16/21,2,9,BELE,2,U,1,26.4,41.3,2.3
2020,6/16/21,2,9,BELE,3,S,1,15.1,35,2.7
2020,6/16/21,2,9,BELE,4,S,0,34.2,25.6,2.2
2020,6/16/21,2,9,BELE,5,S,1,23,27.8,2.1
2020,6/16/21,2,9,BELE,6,U,0,18.7,38,5.5
2020,6/16/21,2,9,BELE,7,S,2,25.9,38.2,2.4
2020,6/16/21,2,9,BELE,8,U,1,24.1,41.5,6.8
2020,6/16/21,2,9,BELE,9,U,4,16.2,35,3
2020,6/16/21,2,9,BELE,10,S,1,28.6,30.5,3
2020,6/16/21,2,9,BELE,11,U,0,21.5,41.8,4.3
2020,6/16/21,2,9,BELE,12,U,2,26.7,32.3,4
2020,6/16/21,2,9,BELE,13,U,0,21.2,35.9,2.3
2020,6/16/21,2,9,BELE,14,U,1,27.3,28.4,2
2020,6/16/21,2,9,BELE,15,S,0,29.5,22.9,2.5
2020,6/16/21,2,9,BELE,16,S,0,19.5,36,2.9
2020,6/16/21,2,9,BELE,17,U,1,26.6,32,2
2020,6/16/21,2,9,BELE,18,S,1,23.4,32.3,2.4
2020,6/16/21,2,9,BELE,19,S,0,27.3,18,1.6
2020,6/16/21,2,9,BELE,20,S,0,31.7,25.9,2.1
2020,6/16/21,2,9,CACO,1,U,0,30,26.5,6.5
2020,6/16/21,2,9,CACO,2,S,0,27.7,19,3.7
2020,6/16/21,2,9,CACO,3,U,2,28.1,15.7,3.5
2020,6/16/21,2,9,CACO,4,U,4,32.7,15.5,4.2
2020,6/16/21,2,9,CACO,5,S,1,25.2,27.6,6.5
2020,6/16/21,2,9,CACO,6,S,1,27.6,15.2,2.5
2020,6/16/21,2,9,CACO,7,S,0,32.1,13,2.2
2020,6/16/21,2,9,CACO,8,S,2,30.4,28.5,5.5
2020,6/16/21,2,9,CACO,9,S,0,26.1,16.5,5
2020,6/16/21,2,9,CACO,10,U,0,27.2,24.3,2.8
2020,6/16/21,2,9,CACO,11,U,1,28.1,17,3.7
2020,6/16/21,2,9,CACO,12,S,0,27.1,12.7,2.7
2020,6/16/21,2,9,CACO,13,U,2,26.7,18.4,2.8
2020,6/16/21,2,9,CACO,14,S,1,27.1,18,3.7
2020,6/16/21,2,9,CACO,15,S,1,19,26.2,7.5
2020,6/16/21,2,9,CACO,16,S,1,21.2,18.5,4.4
2020,6/16/21,2,9,CACO,17,S,0,29,15.5,4.3
2020,6/16/21,2,9,CACO,18,S,0,30.1,11.8,2.4
2020,6/16/21,2,9,CACO,19,S,0,37,15.6,3.6
2020,6/16/21,2,9,CACO,20,U,2,27.3,16,3.2
2020,6/16/21,2,9,QURU,1,S,1,23.6,45.5,6.5
2020,6/16/21,2,9,QURU,2,S,1,25.7,38.6,8.3
2020,6/16/21,2,9,QURU,3,S,0,27.1,42.5,8
2020,6/16/21,2,9,QURU,4,U,4,22.5,35.5,9.8
2020,6/16/21,2,9,QURU,5,U,1,16.9,39.9,4
2020,6/16/21,2,9,QURU,6,U,1,25.4,41.8,9.5
2020,6/16/21,2,9,QURU,7,S,0,20.2,39.4,5.7
2020,6/16/21,2,9,QURU,8,S,0,26.8,41.2,6.2
2020,6/16/21,2,9,QURU,9,S,1,25,41,5.6
2020,6/16/21,2,9,QURU,10,S,0,26.7,40.5,6.9
2020,6/16/21,2,9,QURU,11,S,0,15.3,36.5,7.8
2020,6/16/21,2,9,QURU,12,U,1,21.2,42.8,6.7
2020,6/16/21,2,9,QURU,13,U,4,24.8,49.5,2.1
2020,6/16/21,2,9,QURU,14,S,0,26.4,44.6,4.9
2020,6/16/21,2,9,QURU,15,U,2,16.1,43.5,11.3
2020,6/16/21,2,9,QURU,16,U,0,20.8,42.5,4.6
2020,6/16/21,2,9,QURU,17,S,0,30.2,32.5,4.7
2020,6/16/21,2,9,QURU,18,U,0,13.1,45.8,7.5
2020,6/16/21,2,9,QURU,19,S,0,31.9,42,9.6
2020,6/16/21,2,9,QURU,20,S,0,43,37.5,7.7
2020,6/16/21,2,9,QURU,21,,,,,
2020,6/16/21,2,9,TIAM,1,S,0,30.1,31,4.4
2020,6/16/21,2,9,TIAM,2,U,0,22.2,28.2,10.3
2020,6/16/21,2,9,TIAM,3,S,1,27,31.3,4.5
2020,6/16/21,2,9,TIAM,4,U,0,21.3,33.7,7.2
2020,6/16/21,2,9,TIAM,5,S,1,24.3,30.7,7.2
2020,6/16/21,2,9,TIAM,6,U,0,21.2,30,5.6
2020,6/16/21,2,9,TIAM,7,S,0,25.2,30,6.5
2020,6/16/21,2,9,TIAM,8,U,0,23.3,31.8,7
2020,6/16/21,2,9,TIAM,9,U,0,33.4,24.3,5.3
2020,6/16/21,2,9,TIAM,10,U,1,26,36.9,10.5
2020,6/16/21,2,9,TIAM,11,S,0,26.1,26.5,4.1
2020,6/16/21,2,9,TIAM,12,S,0,29.2,28.5,4
2020,6/16/21,2,9,TIAM,13,S,0,18.9,32.8,5.5
2020,6/16/21,2,9,TIAM,14,S,2,28.3,24.8,4.9
2020,6/16/21,2,9,TIAM,15,U,1,21.2,36.5,8.2
2020,6/16/21,2,9,TIAM,16,U,0,22,29,4.2
2020,6/16/21,2,9,TIAM,17,U,3,31.9,28.8,9.5
2020,6/16/21,2,9,TIAM,18,S,2,16.9,32,9
2020,6/16/21,2,9,TIAM,19,S,2,30.9,21.5,3
2020,6/16/21,2,9,TIAM,20,S,1,27.3,23.5,2.5
2020,5/18/21,14,5,ACRU,1,U,1,30,19,3.1
2020,5/18/21,14,5,ACRU,2,U,1,31.2,25,3.5
2020,5/18/21,14,5,ACRU,3,U,1,29.6,16.5,3.4
2020,5/18/21,14,5,ACRU,4,S,2,44.3,18,3.3
2020,5/18/21,14,5,ACRU,5,U,1,45.6,26.5,4.6
2020,5/18/21,14,5,ACRU,6,U,1,16.4,20,3
2020,5/18/21,14,5,ACRU,7,U,2,31.3,25,5.2
2020,5/18/21,14,5,ACRU,8,U,0,36.1,25,3.9
2020,5/18/21,14,5,ACRU,9,U,1,24.4,22,3.6
2020,5/18/21,14,5,ACRU,10,U,,31.3,,
2020,5/18/21,14,5,ACRU,11,U,1,21.4,24,3.3
2020,5/18/21,14,5,ACRU,12,U,1,32.3,22.5,2.6
2020,5/18/21,14,5,ACRU,13,U,1,27.5,22.5,3.6
2020,5/18/21,14,5,ACRU,14,U,1,26.7,28,3.1
2020,5/18/21,14,5,ACRU,15,U,1,31.4,24.5,4.2
2020,5/18/21,14,5,ACRU,16,U,1,22.3,14,2.5
2020,5/18/21,14,5,ACRU,17,U,0,28.3,27.5,3.8
2020,5/18/21,14,5,ACRU,18,U,2,31.2,26,5.1
2020,5/18/21,14,5,ACRU,19,U,2,24.4,20,3.6
2020,5/18/21,14,5,ACRU,20,U,1,24.4,19,3.5
2020,5/18/21,14,5,ACSA,1,U,1,31.3,39,5.6
2020,5/18/21,14,5,ACSA,2,U,0,26.6,47,6
2020,5/18/21,14,5,ACSA,3,U,1,27.7,38,5.1
2020,5/18/21,14,5,ACSA,4,U,3,26.5,40.5,6.1
2020,5/18/21,14,5,ACSA,5,U,0,38,33.5,5.9
2020,5/18/21,14,5,ACSA,6,U,1,29.5,32,4
2020,5/18/21,14,5,ACSA,7,U,4,41.4,43.5,5.3
2020,5/18/21,14,5,ACSA,8,U,2,31.8,44,8.8
2020,5/18/21,14,5,ACSA,9,U,0,32.1,36,4.1
2020,5/18/21,14,5,ACSA,10,U,3,25.2,45,7.9
2020,5/18/21,14,5,ACSA,11,U,2,30.6,36,4
2020,5/18/21,14,5,ACSA,12,U,3,29.3,38,7
2020,5/18/21,14,5,ACSA,13,U,3,49.5,40,6.1
2020,5/18/21,14,5,ACSA,14,U,1,19.3,42,2.6
2020,5/18/21,14,5,ACSA,15,U,1,15,35,4.3
2020,5/18/21,14,5,ACSA,16,U,2,30.9,38,3.9
2020,5/18/21,14,5,ACSA,17,U,1,37.7,50.5,7
2020,5/18/21,14,5,ACSA,18,U,1,35,32,8.1
2020,5/18/21,14,5,ACSA,19,U,0,26.2,29,3.9
2020,5/18/21,14,5,ACSA,20,U,3,29.6,39,6.4
2020,5/18/21,14,5,NYSY,1,U,1,30.9,9.5,3
2020,5/18/21,14,5,NYSY,2,U,2,38.9,9.5,2.4
2020,5/18/21,14,5,NYSY,3,U,0,27.4,7,2.9
2020,5/18/21,14,5,NYSY,4,U,1,23.4,10,3.6
2020,5/18/21,14,5,NYSY,5,U,0,29.9,10,4.2
2020,5/18/21,14,5,NYSY,6,U,1,28.1,11.5,4
2020,5/18/21,14,5,NYSY,7,U,2,36.3,12,3.3
2020,5/18/21,14,5,NYSY,8,U,1,21.4,11,6.5
2020,5/18/21,14,5,NYSY,9,U,1,32.1,8.5,4.5
2020,5/18/21,14,5,NYSY,10,U,0,26.2,10,3.4
2020,5/18/21,14,5,NYSY,11,U,2,29,34,3.2
2020,5/18/21,14,5,NYSY,12,U,2,39.3,11,3.2
2020,5/18/21,14,5,NYSY,13,U,1,20.5,10,3.9
2020,5/18/21,14,5,NYSY,14,U,1,15.6,10,3.9
2020,5/18/21,14,5,NYSY,15,U,1,26.8,11,3.8
2020,5/18/21,14,5,NYSY,16,U,2,50.9,10,3.5
2020,5/18/21,14,5,NYSY,17,U,1,21.9,12,3.3
2020,5/18/21,14,5,NYSY,18,U,1,20.7,10,3.3
2020,5/18/21,14,5,NYSY,19,U,1,19.4,10,4.6
2020,5/18/21,14,5,NYSY,20,U,0,27.9,11,3.8
2020,5/18/21,14,5,PRSE,1,S,3,38.7,30,2.6
2020,5/18/21,14,5,PRSE,2,U,1,34.1,16.5,4.5
2020,5/18/21,14,5,PRSE,3,U,1,32.1,24,3.2
2020,5/18/21,14,5,PRSE,4,U,2,34.7,24,3.3
2020,5/18/21,14,5,PRSE,5,U,0,27.9,30.5,5.9
2020,5/18/21,14,5,PRSE,6,U,1,36.4,28.5,3.6
2020,5/18/21,14,5,PRSE,7,U,2,28.3,17,4.4
2020,5/18/21,14,5,PRSE,8,U,2,31.3,15.5,2.2
2020,5/18/21,14,5,PRSE,9,S,2,27.2,21,4
2020,5/18/21,14,5,PRSE,10,U,2,34.8,33,3.3
2020,5/18/21,14,5,PRSE,11,U,2,27.6,20,5.5
2020,5/18/21,14,5,PRSE,12,U,1,42.9,27,4.5
2020,5/18/21,14,5,PRSE,13,U,1,33.4,21,3.1
2020,5/18/21,14,5,PRSE,14,U,1,32.3,17.5,3.6
2020,5/18/21,14,5,PRSE,15,U,0,33.2,30,6.7
2020,5/18/21,14,5,PRSE,16,U,1,29.9,33,3.8
2020,5/18/21,14,5,PRSE,17,U,1,20.1,25.5,5.4
2020,5/18/21,14,5,PRSE,18,U,0,23.4,22,2
2020,5/18/21,14,5,PRSE,19,U,0,32.8,24,4.8
2020,5/18/21,14,5,PRSE,20,U,1,30.3,29,3.1
2020,5/18/21,14,5,PRSE,21,U,2,,29,2.6
2020,5/18/21,14,5,BELE,1,U,0,36.1,36,3.8
2020,5/18/21,14,5,BELE,2,U,1,36.2,42.5,5.8
2020,5/18/21,14,5,BELE,3,U,0,15.8,31.5,3.3
2020,5/18/21,14,5,BELE,4,U,0,41.8,35,3.7
2020,5/18/21,14,5,BELE,5,U,0,26.7,43.9,7
2020,5/18/21,14,5,BELE,6,U,0,27.4,38.5,7
2020,5/18/21,14,5,BELE,7,U,1,35.3,28.5,2.9
2020,5/18/21,14,5,BELE,8,U,0,24.5,33,1.5
2020,5/18/21,14,5,BELE,9,U,0,28.3,41,4
2020,5/18/21,14,5,BELE,10,U,0,24.6,32.5,4.5
2020,5/18/21,14,5,BELE,11,U,1,38.1,44.4,5
2020,5/18/21,14,5,BELE,12,U,2,21.4,30.5,3.5
2020,5/18/21,14,5,BELE,13,U,1,34.5,31,3.3
2020,5/18/21,14,5,BELE,14,U,1,38.3,30.5,1.9
2020,5/18/21,14,5,BELE,15,U,1,32.7,42.5,4.2
2020,5/18/21,14,5,BELE,17,U,0,15.3,27.5,3.6
2020,5/18/21,14,5,BELE,18,U,0,30.9,40,3.6
2020,5/18/21,14,5,BELE,19,U,0,35.9,34.5,3
2020,5/18/21,14,5,BELE,20,U,0,30.2,24.6,3.5
2020,5/18/21,14,5,CACO,1,U,0,31.7,32.7,2.5
2020,5/18/21,14,5,CACO,2,U,1,39.2,21.5,4.5
2020,5/18/21,14,5,CACO,3,U,4,32.3,16,4.2
2020,5/18/21,14,5,CACO,4,U,3,11.3,11.5,3.3
2020,5/18/21,14,5,CACO,5,U,0,14.8,17.5,3.9
2020,5/18/21,14,5,CACO,6,U,0,22.7,17.2,2.5
2020,5/18/21,14,5,CACO,7,U,0,34.3,26.9,2.5
2020,5/18/21,14,5,CACO,8,U,3,13,32,3.5
2020,5/18/21,14,5,CACO,9,U,2,27,18.1,3
2020,5/18/21,14,5,CACO,10,U,4,26.4,20.5,2.2
2020,5/18/21,14,5,CACO,11,U,1,35.7,27.5,2.6
2020,5/18/21,14,5,CACO,12,U,1,33.3,20.5,2.5
2020,5/18/21,14,5,CACO,13,U,2,30.8,20.9,3
2020,5/18/21,14,5,CACO,14,U,2,28.4,19,4.1
2020,5/18/21,14,5,CACO,15,U,1,34.1,29,2.8
2020,5/18/21,14,5,CACO,16,U,1,28.2,20,2.8
2020,5/18/21,14,5,CACO,17,U,1,45.5,22.1,4.5
2020,5/18/21,14,5,CACO,18,U,1,40.7,29,2.9
2020,5/18/21,14,5,CACO,19,U,1,29.1,19,2.5
2020,5/18/21,14,5,CACO,20,U,2,36.7,18.5,2.9
2020,5/18/21,14,5,QURU,1,U,2,30.8,42,5.9
2020,5/18/21,14,5,QURU,2,U,0,34.7,36,4.9
2020,5/18/21,14,5,QURU,3,U,0,29.1,45.2,6
2020,5/18/21,14,5,QURU,4,U,3,12.7,39,5.9
2020,5/18/21,14,5,QURU,5,U,2,17,42.5,5
2020,5/18/21,14,5,QURU,6,U,0,31.2,35,3.5
2020,5/18/21,14,5,QURU,7,U,0,14.6,39,4.8
2020,5/18/21,14,5,QURU,8,U,1,42.6,29.9,5
2020,5/18/21,14,5,QURU,9,U,1,37.2,38.2,5.5
2020,5/18/21,14,5,QURU,10,U,1,37.4,41,5.4
2020,5/18/21,14,5,QURU,11,U,0,44.3,36,5.5
2020,5/18/21,14,5,QURU,12,U,1,44.1,38.5,3.5
2020,5/18/21,14,5,QURU,13,U,1,32.2,36,5.5
2020,5/18/21,14,5,QURU,14,U,1,28.8,34.9,3
2020,5/18/21,14,5,QURU,15,U,3,31.1,42.1,2.5
2020,5/18/21,14,5,QURU,16,U,1,35.5,32,4.8
2020,5/18/21,14,5,QURU,17,U,2,28.8,26,2.9
2020,5/18/21,14,5,QURU,18,U,0,38.8,36,4.2
2020,5/18/21,14,5,QURU,19,U,1,36.8,30.9,6
2020,5/18/21,14,5,QURU,20,U,0,29.6,26.7,3.5
2020,5/18/21,14,5,TIAM,1,U,2,35.5,19.9,5.5
2020,5/18/21,14,5,TIAM,2,U,1,31.2,21.4,3
2020,5/18/21,14,5,TIAM,3,U,1,11.8,17.5,2.7
2020,5/18/21,14,5,TIAM,4,U,4,23.7,26.7,6
2020,5/18/21,14,5,TIAM,5,U,1,36.9,26,5.5
2020,5/18/21,14,5,TIAM,6,U,2,22.7,27.1,5
2020,5/18/21,14,5,TIAM,7,U,2,37,30.5,4.2
2020,5/18/21,14,5,TIAM,8,U,0,35.5,27.5,6
2020,5/18/21,14,5,TIAM,9,U,3,26.8,23,3.8
2020,5/18/21,14,5,TIAM,10,U,1,,25.4,5
2020,5/18/21,14,5,TIAM,11,U,0,32.4,29.8,6
2020,5/18/21,14,5,TIAM,12,U,1,35.8,29,3.7
2020,5/18/21,14,5,TIAM,13,U,0,29.2,19,3.4
2020,5/18/21,14,5,TIAM,14,U,2,31.6,22,4.6
2020,5/18/21,14,5,TIAM,15,U,2,32.6,21,3
2020,5/18/21,14,5,TIAM,16,U,1,30.7,19,3.3
2020,5/18/21,14,5,TIAM,17,U,3,28.6,27,4.5
2020,5/18/21,14,5,TIAM,18,U,1,28.1,26.9,6.5
2020,5/18/21,14,5,TIAM,19,U,1,36.4,28.1,1.5
2020,5/18/21,14,5,TIAM,20,U,0,15.9,27.7,5
2020,5/17/21,14,6,ACRU,1,U,1,13.5,24,3.7
2020,5/17/21,14,6,ACRU,2,U,1,26.5,21.6,2
2020,5/17/21,14,6,ACRU,3,U,0,29.5,18.5,2.5
2020,5/17/21,14,6,ACRU,4,U,1,33.4,36.8,3
2020,5/17/21,14,6,ACRU,5,U,1,26.4,27.5,3.5
2020,5/17/21,14,6,ACRU,6,U,1,19.6,21,4.6
2020,5/17/21,14,6,ACRU,7,U,2,25.7,19.9,2.5
2020,5/17/21,14,6,ACRU,8,U,1,16.1,23.5,4.3
2020,5/17/21,14,6,ACRU,9,U,1,50.9,22,2.8
2020,5/17/21,14,6,ACRU,10,U,3,,26.5,3.5
2020,5/17/21,14,6,ACRU,11,U,2,37.6,25.5,2
2020,5/17/21,14,6,ACRU,12,U,2,33.3,27.6,4.5
2020,5/17/21,14,6,ACRU,13,U,1,27.8,17.5,2.6
2020,5/17/21,14,6,ACRU,14,U,1,34.3,34,3
2020,5/17/21,14,6,ACRU,15,U,1,14.3,24.5,2
2020,5/17/21,14,6,ACRU,16,U,0,31,25,3
2020,5/17/21,14,6,ACRU,17,U,1,39.4,21,2
2020,5/17/21,14,6,ACRU,18,U,1,28.7,21.3,1.5
2020,5/17/21,14,6,ACRU,19,U,2,44.4,17,3.4
2020,5/17/21,14,6,ACRU,20,U,0,18.2,17.5,3
2020,5/17/21,14,6,ACSA,1,U,1,37.9,34.2,4.5
2020,5/17/21,14,6,ACSA,2,U,2,48.9,34,3.7
2020,5/17/21,14,6,ACSA,3,U,3,54.6,29.5,4.5
2020,5/17/21,14,6,ACSA,4,U,1,26.5,37,4
2020,5/17/21,14,6,ACSA,5,U,1,19.4,32.5,2.5
2020,5/17/21,14,6,ACSA,6,U,1,46.2,25,3.1
2020,5/17/21,14,6,ACSA,7,U,1,28,27.5,2.3
2020,5/17/21,14,6,ACSA,8,U,1,28.9,35,3.5
2020,5/17/21,14,6,ACSA,9,U,3,52.2,24,4.3
2020,5/17/21,14,6,ACSA,10,U,3,,31.6,4.5
2020,5/17/21,14,6,ACSA,11,U,2,22.4,17.5,4.6
2020,5/17/21,14,6,ACSA,12,U,0,21.4,22,3.2
2020,5/17/21,14,6,ACSA,13,U,1,30.4,34.5,3.6
2020,5/17/21,14,6,ACSA,14,U,1,33.4,31.9,4.5
2020,5/17/21,14,6,ACSA,15,U,3,53.1,33.5,3.8
2020,5/17/21,14,6,ACSA,16,U,1,25,31.5,3.7
2020,5/17/21,14,6,ACSA,17,U,1,45.4,25.6,2.5
2020,5/17/21,14,6,ACSA,18,U,1,33.7,38.7,3
2020,5/17/21,14,6,ACSA,19,U,1,29.8,30.5,4
2020,5/17/21,14,6,ACSA,20,U,1,36,44.5,4.1
2020,5/17/21,14,6,NYSY,1,U,0,17.2,11,3
2020,5/17/21,14,6,NYSY,2,U,1,12.2,10,3.8
2020,5/17/21,14,6,NYSY,3,U,1,30.2,10,2.7
2020,5/17/21,14,6,NYSY,4,U,0,15.2,14,3.5
2020,5/17/21,14,6,NYSY,5,U,1,24.9,10,4.6
2020,5/17/21,14,6,NYSY,6,U,2,41.2,14,4.6
2020,5/17/21,14,6,NYSY,7,U,1,47.5,19.8,5
2020,5/17/21,14,6,NYSY,8,U,1,51.3,40,5
2020,5/17/21,14,6,NYSY,9,U,0,38.5,15.5,4.5
2020,5/17/21,14,6,NYSY,10,U,0,24.7,13.5,4
2020,5/17/21,14,6,NYSY,11,U,1,18.3,18.8,5
2020,5/17/21,14,6,NYSY,12,U,1,25.7,10,3.9
2020,5/17/21,14,6,NYSY,13,U,0,46.6,14.5,4
2020,5/17/21,14,6,NYSY,14,U,2,41,12,4.1
2020,5/17/21,14,6,NYSY,15,U,1,30.3,12.5,4.8
2020,5/17/21,14,6,NYSY,16,U,3,53.6,11,5.4
2020,5/17/21,14,6,NYSY,17,U,1,39.5,21.8,4.5
2020,5/17/21,14,6,NYSY,18,U,0,24.1,14,4.9
2020,5/17/21,14,6,NYSY,19,U,1,42.4,13.2,4.5
2020,5/17/21,14,6,NYSY,20,U,0,29.2,10,4
2020,5/17/21,14,6,PRSE,1,U,1,25.5,24.5,3
2020,5/17/21,14,6,PRSE,2,U,0,25.6,19.5,3.9
2020,5/17/21,14,6,PRSE,3,U,2,26.3,30.1,4
2020,5/17/21,14,6,PRSE,4,U,1,31.7,31,2.5
2020,5/17/21,14,6,PRSE,5,U,1,32.5,20.1,2
2020,5/17/21,14,6,PRSE,6,U,1,20,16.5,2.4
2020,5/17/21,14,6,PRSE,7,U,3,49,21.4,2
2020,5/17/21,14,6,PRSE,8,U,1,31.6,25.5,5.3
2020,5/17/21,14,6,PRSE,9,U,1,18,20.5,2.7
2020,5/17/21,14,6,PRSE,10,U,1,34.7,18,3.3
2020,5/17/21,14,6,PRSE,11,U,1,25.7,18.5,2.6
2020,5/17/21,14,6,PRSE,12,U,0,31.8,28.9,4.5
2020,5/17/21,14,6,PRSE,13,U,0,16.9,25,4.6
2020,5/17/21,14,6,PRSE,14,U,1,22.7,21.6,3
2020,5/17/21,14,6,PRSE,15,U,2,24.8,33.9,5
2020,5/17/21,14,6,PRSE,16,U,3,48.6,22,3.6
2020,5/17/21,14,6,PRSE,17,U,0,52.8,17.6,1.5
2020,5/17/21,14,6,PRSE,18,U,0,24.1,28,3.5
2020,5/17/21,14,6,PRSE,19,U,1,32.8,24.5,2.5
2020,5/17/21,14,6,PRSE,20,U,2,40.3,23.5,3
2020,5/17/21,14,6,PRSE,21,,,,,
2020,5/17/21,14,6,BELE,1,S,2,53.8,32.5,3.4
2020,5/17/21,14,6,BELE,2,U,2,27.5,31.5,2.7
2020,5/17/21,14,6,BELE,3,U,3,20.9,33,4.9
2020,5/17/21,14,6,BELE,4,U,0,30.2,34,2.5
2020,5/17/21,14,6,BELE,5,U,2,45.4,42,8.8
2020,5/17/21,14,6,BELE,6,U,4,54.3,35,4
2020,5/17/21,14,6,BELE,7,U,0,32.2,39,2.8
2020,5/17/21,14,6,BELE,8,U,1,31.3,30,5.1
2020,5/17/21,14,6,BELE,9,S,2,49.2,38.5,4
2020,5/17/21,14,6,BELE,10,U,2,29,35,7.6
2020,5/17/21,14,6,BELE,11,U,1,46.6,32,2.7
2020,5/17/21,14,6,BELE,12,U,3,35,36.5,3.2
2020,5/17/21,14,6,BELE,13,U,4,29.3,36.5,3.9
2020,5/17/21,14,6,BELE,14,U,3,30,34.5,4.4
2020,5/17/21,14,6,BELE,15,U,2,31.7,37,0.4
2020,5/17/21,14,6,BELE,16,U,3,31.9,35,3.6
2020,5/17/21,14,6,BELE,17,U,1,20.9,33,3.2
2020,5/17/21,14,6,BELE,18,U,1,30.4,32.2,3.2
2020,5/17/21,14,6,BELE,19,U,0,31.5,45.5,6
2020,5/17/21,14,6,BELE,20,U,0,13.2,40.5,3.5
2020,5/17/21,14,6,CACO,1,U,2,34.6,24,4.8
2020,5/17/21,14,6,CACO,2,U,1,23.7,27.5,5.1
2020,5/17/21,14,6,CACO,3,U,4,30.8,28,5
2020,5/17/21,14,6,CACO,4,U,1,36.3,22,3
2020,5/17/21,14,6,CACO,5,U,1,39.8,15.5,3
2020,5/17/21,14,6,CACO,6,U,1,29.3,32.3,4
2020,5/17/21,14,6,CACO,7,U,1,27.1,29.5,4
2020,5/17/21,14,6,CACO,8,U,1,23,29.8,4.4
2020,5/17/21,14,6,CACO,9,U,1,29.2,20,3.7
2020,5/17/21,14,6,CACO,10,U,1,28.2,20,3.3
2020,5/17/21,14,6,CACO,11,U,1,21,23,4
2020,5/17/21,14,6,CACO,12,U,3,39.5,16,2.9
2020,5/17/21,14,6,CACO,13,U,1,39.8,34.5,5.6
2020,5/17/21,14,6,CACO,14,U,2,25.1,20,3.1
2020,5/17/21,14,6,CACO,15,U,3,25.1,21,3.3
2020,5/17/21,14,6,CACO,16,U,2,31.1,29,4.2
2020,5/17/21,14,6,CACO,17,U,1,19.7,34,3.8
2020,5/17/21,14,6,CACO,18,U,2,32.2,17.5,3.2
2020,5/17/21,14,6,CACO,19,U,3,26.3,14,4.2
2020,5/17/21,14,6,CACO,20,U,0,41.3,22,3.6
2020,5/17/21,14,6,QURU,1,U,0,28.1,37,6
2020,5/17/21,14,6,QURU,2,U,2,14.6,32,4
2020,5/17/21,14,6,QURU,3,U,2,28.1,35,6.2
2020,5/17/21,14,6,QURU,4,U,1,30.7,45.5,7
2020,5/17/21,14,6,QURU,5,U,1,31.1,32.5,5.5
2020,5/17/21,14,6,QURU,6,U,0,25.5,38,6.3
2020,5/17/21,14,6,QURU,7,U,3,26.9,47,3.9
2020,5/17/21,14,6,QURU,8,U,2,35.3,42.5,4.4
2020,5/17/21,14,6,QURU,9,U,2,32.1,43,4.9
2020,5/17/21,14,6,QURU,10,U,1,28.5,32,7.4
2020,5/17/21,14,6,QURU,11,U,1,33.8,41,7.1
2020,5/17/21,14,6,QURU,12,U,1,29.9,46,10.9
2020,5/17/21,14,6,QURU,13,S,2,50.9,43.5,8.5
2020,5/17/21,14,6,QURU,14,U,1,30,36,6.7
2020,5/17/21,14,6,QURU,15,U,2,17.9,41.5,7.6
2020,5/17/21,14,6,QURU,16,U,2,26.3,41,8.3
2020,5/17/21,14,6,QURU,17,U,2,23.8,37,9.1
2020,5/17/21,14,6,QURU,18,U,1,18.4,44,9
2020,5/17/21,14,6,QURU,19,U,2,31.8,45,4.6
2020,5/17/21,14,6,QURU,20,U,3,20.9,37,6.1
2020,5/17/21,14,6,TIAM,1,U,0,30.1,29.5,7.3
2020,5/17/21,14,6,TIAM,2,U,1,30.7,22.7,3
2020,5/17/21,14,6,TIAM,3,U,1,37.4,18,4.7
2020,5/17/21,14,6,TIAM,4,U,1,31.8,28,7
2020,5/17/21,14,6,TIAM,5,U,1,34.8,29.5,5
2020,5/17/21,14,6,TIAM,6,U,2,28.9,21.5,3.3
2020,5/17/21,14,6,TIAM,7,U,3,22.5,30.5,6.9
2020,5/17/21,14,6,TIAM,8,U,2,54.4,28.5,5.8
2020,5/17/21,14,6,TIAM,9,U,3,43.5,18.5,2
2020,5/17/21,14,6,TIAM,10,U,2,25.8,29.5,3.5
2020,5/17/21,14,6,TIAM,11,U,3,22.3,24,4.5
2020,5/17/21,14,6,TIAM,12,U,1,28.6,32,5.1
2020,5/17/21,14,6,TIAM,13,U,1,22.4,30,6.2
2020,5/17/21,14,6,TIAM,14,U,1,35,19,4.4
2020,5/17/21,14,6,TIAM,15,U,1,33.3,26,6
2020,5/17/21,14,6,TIAM,16,U,3,26.3,24.5,4
2020,5/17/21,14,6,TIAM,17,U,0,50.8,18,2.8
2020,5/17/21,14,6,TIAM,18,U,2,32.9,23,4.2
2020,5/17/21,14,6,TIAM,19,U,2,29.7,25.5,6.3
2020,5/17/21,14,6,TIAM,20,U,1,29.9,22,3.7
2020,5/17/21,14,7,ACRU,1,U,1,21.9,29,3.6
2020,5/17/21,14,7,ACRU,2,U,1,21.1,22.3,2.4
2020,5/17/21,14,7,ACRU,3,U,2,29.8,25.5,3.1
2020,5/17/21,14,7,ACRU,4,U,1,26.4,29.6,2.5
2020,5/17/21,14,7,ACRU,5,U,1,20.7,26,2.6
2020,5/17/21,14,7,ACRU,6,U,1,17.3,21.5,3.5
2020,5/17/21,14,7,ACRU,7,U,2,42.1,29,4.3
2020,5/17/21,14,7,ACRU,8,U,0,23.7,23.9,3.5
2020,5/17/21,14,7,ACRU,9,U,1,26.4,25,3
2020,5/17/21,14,7,ACRU,10,U,1,18.7,23,3.9
2020,5/17/21,14,7,ACRU,11,U,1,15,22,3.9
2020,5/17/21,14,7,ACRU,12,U,1,12.5,28,4.6
2020,5/17/21,14,7,ACRU,13,U,0,10.6,22,4.1
2020,5/17/21,14,7,ACRU,14,U,1,26,17,3.2
2020,5/17/21,14,7,ACRU,15,U,3,24.2,25.5,2.7
2020,5/17/21,14,7,ACRU,16,U,1,20,32,2.2
2020,5/17/21,14,7,ACRU,17,U,3,29.6,25.5,1.5
2020,5/17/21,14,7,ACRU,18,U,1,29.9,27,5.2
2020,5/17/21,14,7,ACRU,19,U,1,19.1,21,3
2020,5/17/21,14,7,ACRU,20,U,0,15.7,20.5,2.5
2020,5/17/21,14,7,ACSA,1,U,3,19.9,26.5,6
2020,5/17/21,14,7,ACSA,2,U,0,20.5,39.5,5
2020,5/17/21,14,7,ACSA,3,U,1,5.7,49,6.8
2020,5/17/21,14,7,ACSA,4,U,1,27.9,27,3.2
2020,5/17/21,14,7,ACSA,5,U,0,23.1,24,3
2020,5/17/21,14,7,ACSA,6,U,2,17.4,30.9,3.2
2020,5/17/21,14,7,ACSA,7,U,1,10.5,42.5,4.4
2020,5/17/21,14,7,ACSA,8,U,2,13.7,30.8,4.6
2020,5/17/21,14,7,ACSA,9,U,1,18.1,44,5.6
2020,5/17/21,14,7,ACSA,10,U,0,15.3,40,4.7
2020,5/17/21,14,7,ACSA,11,U,1,25.5,41.5,8.1
2020,5/17/21,14,7,ACSA,12,S,1,29.4,26,3.1
2020,5/17/21,14,7,ACSA,13,U,4,24.3,19,2.4
2020,5/17/21,14,7,ACSA,14,U,1,23.6,49,4.4
2020,5/17/21,14,7,ACSA,15,U,2,22.9,46,6.8
2020,5/17/21,14,7,ACSA,16,U,1,18.1,32,2.4
2020,5/17/21,14,7,ACSA,17,U,1,23.3,41,5.5
2020,5/17/21,14,7,ACSA,18,U,0,11.3,35,3.4
2020,5/17/21,14,7,ACSA,19,U,1,22,36,3.4
2020,5/17/21,14,7,ACSA,20,U,1,22,29,3.1
2020,5/17/21,14,7,NYSY,1,U,2,28.4,12,3.4
2020,5/17/21,14,7,NYSY,2,U,4,25.1,9.5,3.7
2020,5/17/21,14,7,NYSY,3,U,3,29.6,13.5,3.5
2020,5/17/21,14,7,NYSY,4,U,1,31.6,16,4.8
2020,5/17/21,14,7,NYSY,5,U,0,13.7,16.5,2.6
2020,5/17/21,14,7,NYSY,6,U,1,28,15,5.4
2020,5/17/21,14,7,NYSY,7,U,1,29.5,13,4.6
2020,5/17/21,14,7,NYSY,8,U,3,22.4,10.5,3.3
2020,5/17/21,14,7,NYSY,9,U,2,24,21.5,3.1
2020,5/17/21,14,7,NYSY,10,U,2,34.8,18.5,3.2
2020,5/17/21,14,7,NYSY,11,U,1,27.5,13,4.1
2020,5/17/21,14,7,NYSY,12,U,1,23.1,19,4.5
2020,5/17/21,14,7,NYSY,13,U,3,16.6,9,2.8
2020,5/17/21,14,7,NYSY,14,U,1,16.3,8.5,2.3
2020,5/17/21,14,7,NYSY,15,U,2,21.6,15.5,3.9
2020,5/17/21,14,7,NYSY,16,U,1,26.2,11,3.5
2020,5/17/21,14,7,NYSY,17,U,0,16.9,19,4.6
2020,5/17/21,14,7,NYSY,18,U,1,21.1,33.1,3.3
2020,5/17/21,14,7,NYSY,19,U,1,23.3,16.5,5.1
2020,5/17/21,14,7,NYSY,20,U,0,12.6,19,4.1
2020,5/17/21,14,7,PRSE,1,U,0,6.9,24.5,2.4
2020,5/17/21,14,7,PRSE,2,U,0,18.4,19.1,2.1
2020,5/17/21,14,7,PRSE,3,U,1,24.5,18.4,2.5
2020,5/17/21,14,7,PRSE,4,U,2,28.9,23,2.6
2020,5/17/21,14,7,PRSE,5,U,1,19.7,28,3.6
2020,5/17/21,14,7,PRSE,6,U,0,13.9,24.2,3
2020,5/17/21,14,7,PRSE,7,U,1,26.7,30,3.1
2020,5/17/21,14,7,PRSE,8,U,3,24.2,24,2.9
2020,5/17/21,14,7,PRSE,9,U,0,15.9,19,2.1
2020,5/17/21,14,7,PRSE,10,U,1,23.5,26,3.9
2020,5/17/21,14,7,PRSE,11,U,1,25.5,22,1.5
2020,5/17/21,14,7,PRSE,12,U,2,23,16,2.2
2020,5/17/21,14,7,PRSE,13,U,1,9.3,15.5,2.7
2020,5/17/21,14,7,PRSE,14,U,2,17,23,2.2
2020,5/17/21,14,7,PRSE,15,U,2,19.2,26,3.9
2020,5/17/21,14,7,PRSE,16,U,0,10.4,20.5,2.5
2020,5/17/21,14,7,PRSE,17,U,0,25.9,23.5,2.4
2020,5/17/21,14,7,PRSE,18,U,1,8.9,18.5,3.3
2020,5/17/21,14,7,PRSE,19,U,2,19.9,28,2.5
2020,5/17/21,14,7,PRSE,20,U,3,23.3,29.8,3.8
2020,5/17/21,14,7,BELE,1,U,0,16.5,31,5.5
2020,5/17/21,14,7,BELE,2,U,1,13.7,37.5,3.3
2020,5/17/21,14,7,BELE,3,U,3,24.3,55,6.2
2020,5/17/21,14,7,BELE,4,U,1,29,41,4.5
2020,5/17/21,14,7,BELE,5,U,0,16,52,5.1
2020,5/17/21,14,7,BELE,6,U,0,21.7,38,4
2020,5/17/21,14,7,BELE,7,U,1,28.3,39,9.5
2020,5/17/21,14,7,BELE,8,U,1,21.9,32.5,3.8
2020,5/17/21,14,7,BELE,9,U,2,26.7,51,4.4
2020,5/17/21,14,7,BELE,10,U,3,14.4,40,4.3
2020,5/17/21,14,7,BELE,11,U,1,31.7,29,3.5
2020,5/17/21,14,7,BELE,12,U,1,21,51,6
2020,5/17/21,14,7,BELE,13,U,3,33.2,36,3.4
2020,5/17/21,14,7,BELE,14,U,1,10.4,41,4.5
2020,5/17/21,14,7,BELE,15,U,0,22.3,57,5.5
2020,5/17/21,14,7,BELE,16,U,3,26.7,37,4.5
2020,5/17/21,14,7,BELE,17,U,1,25,37,5.6
2020,5/17/21,14,7,BELE,18,U,1,33.2,44,5
2020,5/17/21,14,7,BELE,19,U,0,17.5,40,5.9
2020,5/17/21,14,7,BELE,20,U,2,24.6,31,3.5
2020,5/17/21,14,7,CACO,1,U,4,20,19,2.9
2020,5/17/21,14,7,CACO,2,U,3,29.2,21,3.9
2020,5/17/21,14,7,CACO,3,U,3,23,21,5.5
2020,5/17/21,14,7,CACO,4,U,2,29.5,25,2.8
2020,5/17/21,14,7,CACO,5,U,2,25,26.5,3.9
2020,5/17/21,14,7,CACO,6,U,2,23.1,25.5,3
2020,5/17/21,14,7,CACO,7,U,2,26.7,16,2
2020,5/17/21,14,7,CACO,8,U,0,17,20,2.5
2020,5/17/21,14,7,CACO,9,U,2,26.2,20,3.2
2020,5/17/21,14,7,CACO,10,U,1,33.4,35,4
2020,5/17/21,14,7,CACO,11,U,3,26.4,20,3.2
2020,5/17/21,14,7,CACO,12,U,1,27.5,32,3
2020,5/17/21,14,7,CACO,13,U,1,24.7,28,5
2020,5/17/21,14,7,CACO,14,U,2,33.7,21,4.7
2020,5/17/21,14,7,CACO,15,U,3,11.3,24,3.1
2020,5/17/21,14,7,CACO,16,U,1,23.1,31,4.5
2020,5/17/21,14,7,CACO,17,U,0,12.2,19,3.5
2020,5/17/21,14,7,CACO,18,U,4,16.5,26.5,4.5
2020,5/17/21,14,7,CACO,19,U,4,20,30.5,3
2020,5/17/21,14,7,CACO,20,U,4,25.4,20.5,2.5
2020,5/17/21,14,7,QURU,1,U,4,25.2,35.5,4
2020,5/17/21,14,7,QURU,2,U,4,16,33,4.9
2020,5/17/21,14,7,QURU,3,U,0,14.9,42,6.5
2020,5/17/21,14,7,QURU,4,U,1,26.5,40,5.5
2020,5/17/21,14,7,QURU,5,U,1,15.5,33,4.1
2020,5/17/21,14,7,QURU,6,U,1,24.3,34.5,6.5
2020,5/17/21,14,7,QURU,7,U,2,25.2,44,8
2020,5/17/21,14,7,QURU,8,U,1,33.7,43,5.5
2020,5/17/21,14,7,QURU,9,U,4,23.3,33,9.8
2020,5/17/21,14,7,QURU,10,U,4,25.7,40.5,6.5
2020,5/17/21,14,7,QURU,11,U,3,15.1,42.5,4.5
2020,5/17/21,14,7,QURU,12,U,1,18.5,33,7
2020,5/17/21,14,7,QURU,13,U,1,16.2,44.5,6.5
2020,5/17/21,14,7,QURU,14,U,3,24.6,38.5,6.1
2020,5/17/21,14,7,QURU,15,U,1,21.1,41,7.9
2020,5/17/21,14,7,QURU,16,U,1,13.1,33,4.9
2020,5/17/21,14,7,QURU,17,U,,28.1,,
2020,5/17/21,14,7,QURU,18,U,1,12.5,33,9.5
2020,5/17/21,14,7,QURU,19,U,4,13.3,40,6
2020,5/17/21,14,7,QURU,20,U,1,14.6,35.5,5
2020,5/17/21,14,7,TIAM,1,U,2,29.4,24.5,3
2020,5/17/21,14,7,TIAM,2,U,1,29.2,28,4
2020,5/17/21,14,7,TIAM,3,U,1,21.1,20.5,4
2020,5/17/21,14,7,TIAM,4,U,1,34.9,24,3.3
2020,5/17/21,14,7,TIAM,5,U,2,35.7,18.5,3.2
2020,5/17/21,14,7,TIAM,6,U,3,22.3,20.5,2
2020,5/17/21,14,7,TIAM,7,U,2,16.5,28,5
2020,5/17/21,14,7,TIAM,8,U,4,22.6,24,4
2020,5/17/21,14,7,TIAM,9,U,4,17.7,17,1.5
2020,5/17/21,14,7,TIAM,10,U,3,24.1,27.5,5
2020,5/17/21,14,7,TIAM,11,U,2,23.3,29.5,5.8
2020,5/17/21,14,7,TIAM,12,U,1,20.2,29,6
2020,5/17/21,14,7,TIAM,13,U,0,16.8,22.5,2.7
2020,5/17/21,14,7,TIAM,14,U,1,19.7,30,2.5
2020,5/17/21,14,7,TIAM,15,U,2,26.1,24,5.7
2020,5/17/21,14,7,TIAM,16,U,2,23.6,32,5.5
2020,5/17/21,14,7,TIAM,17,U,1,23.8,23,4.2
2020,5/17/21,14,7,TIAM,18,U,1,28.1,21.5,3
2020,5/17/21,14,7,TIAM,19,U,2,31.3,28,5.5
2020,5/17/21,14,7,TIAM,20,U,1,28.5,29.5,3.5