Year,Measurement.date,Unit ,Plot,Species,Number,Health,Herbivory,Condition,HT.cm,RCD.mm
2021,8/23/21,10,5,ACRU,1,L,1,0,27.5,3.2
2021,8/23/21,10,5,ACRU,2,D,0,0,,
2021,8/23/21,10,5,ACRU,3,L,1,0,33,6.8
2021,8/23/21,10,5,ACRU,4,L,0,0,29.5,6.5
2021,8/23/21,10,5,ACRU,5,L,1,0,72,5.2
2021,8/23/21,10,5,ACRU,6,L,2,0,43,6.1
2021,8/23/21,10,5,ACRU,7,D,0,0,,
2021,8/23/21,10,5,ACRU,8,L,1,0,50,7.6
2021,8/23/21,10,5,ACRU,9,L,1,0,43.5,6.4
2021,8/23/21,10,5,ACRU,10,L,1,0,26.5,4.5
2021,8/23/21,10,5,ACRU,11,L,2,0,42,6.2
2021,8/23/21,10,5,ACRU,12,L,1,0,61,6.6
2021,8/23/21,10,5,ACRU,13,L,1,1,14,2.1
2021,8/23/21,10,5,ACRU,14,L,0,0,36,5.2
2021,8/23/21,10,5,ACRU,15,L,0,0,35.5,6.8
2021,8/23/21,10,5,ACRU,16,L,1,0,38.5,6.7
2021,8/23/21,10,5,ACRU,17,L,2,0,29.5,5.8
2021,8/23/21,10,5,ACRU,18,L,0,0,28,5.5
2021,8/23/21,10,5,ACRU,19,L,2,0,48,6.8
2021,8/23/21,10,5,ACRU,20,L,2,0,37.5,6.5
2021,8/23/21,10,5,ACSA,1,L,0,0,38,5.4
2021,8/23/21,10,5,ACSA,2,L,1,0,46,4.3
2021,8/23/21,10,5,ACSA,3,L,2,0,44,5.4
2021,8/23/21,10,5,ACSA,4,L,1,0,43.5,5.3
2021,8/23/21,10,5,ACSA,5,L,1,0,45,5.3
2021,8/23/21,10,5,ACSA,6,L,1,1,29,3.8
2021,8/23/21,10,5,ACSA,7,L,1,0,51.5,4.7
2021,8/23/21,10,5,ACSA,8,L,2,0,53,9.1
2021,8/23/21,10,5,ACSA,9,L,1,1,24.5,3.9
2021,8/23/21,10,5,ACSA,10,L,1,0,34,3.9
2021,8/23/21,10,5,ACSA,11,L,1,1,17.5,7.5
2021,8/23/21,10,5,ACSA,12,L,1,1,24,2.3
2021,8/23/21,10,5,ACSA,13,L,1,0,28,5
2021,8/23/21,10,5,ACSA,14,L,1,0,24.5,4.5
2021,8/23/21,10,5,ACSA,15,L,1,0,35,4.9
2021,8/23/21,10,5,ACSA,16,D,0,0,,
2021,8/23/21,10,5,ACSA,17,L,1,1,16.5,2.1
2021,8/23/21,10,5,ACSA,18,L,1,0,53,5.4
2021,8/23/21,10,5,ACSA,19,L,1,0,25,6
2021,8/23/21,10,5,ACSA,20,L,1,1,15.5,1.2
2021,8/23/21,10,5,NYSY,1,L,1,1,3,1.6
2021,8/23/21,10,5,NYSY,2,L,1,0,23,7.9
2021,8/23/21,10,5,NYSY,3,L,0,1,38.5,4.3
2021,8/23/21,10,5,NYSY,4,D,0,0,,
2021,8/23/21,10,5,NYSY,5,D,0,0,,
2021,8/23/21,10,5,NYSY,6,D,0,0,,
2021,8/23/21,10,5,NYSY,7,L,1,0,27,3.8
2021,8/23/21,10,5,NYSY,8,L,0,0,22,3.2
2021,8/23/21,10,5,NYSY,9,D,0,0,,
2021,8/23/21,10,5,NYSY,10,L,1,0,22.5,5.6
2021,8/23/21,10,5,NYSY,11,L,1,0,16,6.1
2021,8/23/21,10,5,NYSY,12,L,0,1,3,1.2
2021,8/23/21,10,5,NYSY,13,L,0,1,8,6.6
2021,8/23/21,10,5,NYSY,14,L,0,1,4,2.4
2021,8/23/21,10,5,NYSY,15,L,2,0,10,6
2021,8/23/21,10,5,NYSY,16,L,1,1,6,5.3
2021,8/23/21,10,5,NYSY,17,D,0,0,,
2021,8/23/21,10,5,NYSY,18,D,0,0,,
2021,8/23/21,10,5,NYSY,19,L,0,0,36.5,6
2021,8/23/21,10,5,NYSY,20,D,0,0,,
2021,8/23/21,10,5,PRSE,1,L,3,0,40,6.3
2021,8/23/21,10,5,PRSE,2,L,1,0,97,5.9
2021,8/23/21,10,5,PRSE,3,L,2,0,45,5.1
2021,8/23/21,10,5,PRSE,4,L,1,0,72,5.6
2021,8/23/21,10,5,PRSE,5,L,2,0,60,6.3
2021,8/23/21,10,5,PRSE,6,L,1,0,93,8.6
2021,8/23/21,10,5,PRSE,7,L,2,0,64,6.3
2021,8/23/21,10,5,PRSE,8,L,1,0,39.5,2.7
2021,8/23/21,10,5,PRSE,9,L,1,0,71.5,5.4
2021,8/23/21,10,5,PRSE,10,L,2,0,66.5,6.1
2021,8/23/21,10,5,PRSE,11,L,2,0,71.5,7.2
2021,8/23/21,10,5,PRSE,12,L,1,0,99,5.9
2021,8/23/21,10,5,PRSE,13,L,3,0,65,7.2
2021,8/23/21,10,5,PRSE,14,V,3,0,44.5,4.2
2021,8/23/21,10,5,PRSE,15,D,0,0,,
2021,8/23/21,10,5,PRSE,16,L,1,0,38,4.2
2021,8/23/21,10,5,PRSE,17,L,2,0,35.5,4.2
2021,8/23/21,10,5,PRSE,18,L,2,1,13,5.2
2021,8/23/21,10,5,PRSE,19,L,1,0,50,5.7
2021,8/23/21,10,5,PRSE,20,L,2,0,94,7.2
2021,8/23/21,10,5,BELE,1,D,0,0,,
2021,8/23/21,10,5,BELE,2,D,0,0,,
2021,8/23/21,10,5,BELE,3,D,0,0,,
2021,8/23/21,10,5,BELE,4,L,2,0,49.5,5.5
2021,8/23/21,10,5,BELE,5,D,0,0,,
2021,8/23/21,10,5,BELE,6,D,0,0,,
2021,8/23/21,10,5,BELE,7,D,0,0,,
2021,8/23/21,10,5,BELE,8,L,1,0,62,7
2021,8/23/21,10,5,BELE,9,L,1,0,81.5,7
2021,8/23/21,10,5,BELE,10,D,0,0,,
2021,8/23/21,10,5,BELE,11,D,0,0,,
2021,8/23/21,10,5,BELE,12,D,0,0,,
2021,8/23/21,10,5,BELE,13,L,1,0,85.5,5
2021,8/23/21,10,5,BELE,14,D,0,0,,
2021,8/23/21,10,5,BELE,15,D,0,0,,
2021,8/23/21,10,5,BELE,16,D,0,0,,
2021,8/23/21,10,5,BELE,17,D,0,0,,
2021,8/23/21,10,5,BELE,18,D,0,0,,
2021,8/23/21,10,5,BELE,19,L,0,1,22.5,4.2
2021,8/23/21,10,5,BELE,20,D,0,0,,
2021,8/23/21,10,5,BELE,21,D,0,0,,
2021,8/23/21,10,5,CACO,1,L,1,0,23,3.7
2021,8/23/21,10,5,CACO,2,L,1,0,17,2.8
2021,8/23/21,10,5,CACO,3,L,1,0,15,3
2021,8/23/21,10,5,CACO,4,L,1,0,24,4.4
2021,8/23/21,10,5,CACO,5,L,0,0,19,3.5
2021,8/23/21,10,5,CACO,6,L,2,1,15.5,2.5
2021,8/23/21,10,5,CACO,7,L,1,1,18,3.2
2021,8/23/21,10,5,CACO,8,L,3,0,22.5,3.9
2021,8/23/21,10,5,CACO,9,L,1,0,18,3.2
2021,8/23/21,10,5,CACO,10,L,0,1,25,3.1
2021,8/23/21,10,5,CACO,11,L,1,1,15,3.2
2021,8/23/21,10,5,CACO,12,L,0,0,12,3.4
2021,8/23/21,10,5,CACO,13,D,0,0,,
2021,8/23/21,10,5,CACO,14,L,0,0,22.5,3.2
2021,8/23/21,10,5,CACO,15,L,1,0,27.5,3
2021,8/23/21,10,5,CACO,16,L,0,0,20,3
2021,8/23/21,10,5,CACO,17,L,0,0,18.5,3.5
2021,8/23/21,10,5,CACO,18,L,1,0,14,3.1
2021,8/23/21,10,5,CACO,19,L,1,0,23,3.9
2021,8/23/21,10,5,CACO,20,L,0,0,22,3.2
2021,8/23/21,10,5,QURU,1,L,2,0,63.5,5.7
2021,8/23/21,10,5,QURU,2,L,3,0,45.5,5.7
2021,8/23/21,10,5,QURU,3,L,3,0,53,7.1
2021,8/23/21,10,5,QURU,4,L,2,0,86.5,8.9
2021,8/23/21,10,5,QURU,5,L,3,0,63.5,5.9
2021,8/23/21,10,5,QURU,6,L,1,1,35.5,4.5
2021,8/23/21,10,5,QURU,7,L,1,0,53,5.4
2021,8/23/21,10,5,QURU,8,L,2,0,50,7
2021,8/23/21,10,5,QURU,9,L,3,0,41.5,5.6
2021,8/23/21,10,5,QURU,10,L,2,0,42,5.7
2021,8/23/21,10,5,QURU,11,L,2,0,46.5,5.4
2021,8/23/21,10,5,QURU,12,L,1,1,26.5,5.6
2021,8/23/21,10,5,QURU,13,L,2,1,45,5
2021,8/23/21,10,5,QURU,14,D,0,0,,
2021,8/23/21,10,5,QURU,15,L,1,1,28.5,3.4
2021,8/23/21,10,5,QURU,16,L,2,0,53.5,7.8
2021,8/23/21,10,5,QURU,17,L,3,0,32.5,4.6
2021,8/23/21,10,5,QURU,18,L,2,0,38,5.4
2021,8/23/21,10,5,QURU,19,D,0,0,,
2021,8/23/21,10,5,QURU,20,L,1,1,25.5,3.6
2021,8/23/21,10,5,TIAM,1,L,1,0,29,6.3
2021,8/23/21,10,5,TIAM,2,L,2,0,35,5.3
2021,8/23/21,10,5,TIAM,3,L,0,1,13,4.1
2021,8/23/21,10,5,TIAM,4,L,2,1,16,2.9
2021,8/23/21,10,5,TIAM,5,L,3,0,29,3.9
2021,8/23/21,10,5,TIAM,6,L,1,0,31,6.8
2021,8/23/21,10,5,TIAM,7,L,0,1,3.5,1.7
2021,8/23/21,10,5,TIAM,8,L,1,0,21.5,7
2021,8/23/21,10,5,TIAM,9,L,1,0,13,6.4
2021,8/23/21,10,5,TIAM,10,L,1,0,24.5,6.9
2021,8/23/21,10,5,TIAM,11,L,1,0,16,4.5
2021,8/23/21,10,5,TIAM,12,L,0,0,22,2.6
2021,8/23/21,10,5,TIAM,13,L,3,0,16.5,3
2021,8/23/21,10,5,TIAM,14,L,1,1,13.5,6.2
2021,8/23/21,10,5,TIAM,15,L,1,0,32.5,5.5
2021,8/23/21,10,5,TIAM,16,L,1,0,23,3.7
2021,8/23/21,10,5,TIAM,17,L,2,0,35,5.3
2021,8/23/21,10,5,TIAM,18,L,1,1,20.5,4.7
2021,8/23/21,10,5,TIAM,19,L,1,1,36.5,5.8
2021,8/23/21,10,5,TIAM,20,L,1,0,36.5,7
2021,8/23/21,8,1,ACRU,1,L,1,0,42,7
2021,8/23/21,8,1,ACRU,2,L,2,0,64.5,8.7
2021,8/23/21,8,1,ACRU,3,L,1,0,67.5,7
2021,8/23/21,8,1,ACRU,4,L,1,0,41.5,5.7
2021,8/23/21,8,1,ACRU,5,L,1,0,47,6.6
2021,8/23/21,8,1,ACRU,6,L,2,0,45.5,5.2
2021,8/23/21,8,1,ACRU,7,L,1,0,53,7.3
2021,8/23/21,8,1,ACRU,8,L,2,0,37.5,5.9
2021,8/23/21,8,1,ACRU,9,L,0,0,49.5,5.6
2021,8/23/21,8,1,ACRU,10,L,2,1,34,5
2021,8/23/21,8,1,ACRU,11,L,1,0,48,5.6
2021,8/23/21,8,1,ACRU,12,L,1,0,46,5
2021,8/23/21,8,1,ACRU,13,L,1,0,46,6.4
2021,8/23/21,8,1,ACRU,14,L,1,0,80.5,6.4
2021,8/23/21,8,1,ACRU,15,L,1,0,38.5,5.5
2021,8/23/21,8,1,ACRU,16,L,1,0,62,4.4
2021,8/23/21,8,1,ACRU,17,L,0,0,65,7.9
2021,8/23/21,8,1,ACRU,18,L,1,0,29.5,3.9
2021,8/23/21,8,1,ACRU,19,L,1,0,60,5.6
2021,8/23/21,8,1,ACRU,20,L,1,0,34.5,6.2
2021,8/23/21,8,1,ACSA,1,L,1,0,35.5,3.8
2021,8/23/21,8,1,ACSA,2,D,0,0,,
2021,8/23/21,8,1,ACSA,3,L,2,0,39,4.2
2021,8/23/21,8,1,ACSA,4,V,1,0,29.5,2.3
2021,8/23/21,8,1,ACSA,5,L,2,0,46,5.1
2021,8/23/21,8,1,ACSA,6,L,2,0,43.5,5.8
2021,8/23/21,8,1,ACSA,7,L,1,0,33,4.6
2021,8/23/21,8,1,ACSA,8,L,0,0,42,7.1
2021,8/23/21,8,1,ACSA,9,D,0,0,,
2021,8/23/21,8,1,ACSA,10,L,0,1,21.5,2.9
2021,8/23/21,8,1,ACSA,11,L,0,0,55,5.3
2021,8/23/21,8,1,ACSA,12,D,0,0,,
2021,8/23/21,8,1,ACSA,13,L,1,0,40.5,3.8
2021,8/23/21,8,1,ACSA,14,V,3,0,48.5,6
2021,8/23/21,8,1,ACSA,15,L,1,0,42,5.1
2021,8/23/21,8,1,ACSA,16,L,1,0,44.5,5.1
2021,8/23/21,8,1,ACSA,17,L,1,0,50,4.2
2021,8/23/21,8,1,ACSA,18,L,1,0,26,3.4
2021,8/23/21,8,1,ACSA,19,L,2,0,79.5,5.6
2021,8/23/21,8,1,ACSA,20,L,1,0,57,5.6
2021,8/23/21,8,1,NYSY,1,L,1,0,32,3.9
2021,8/23/21,8,1,NYSY,2,L,3,0,23,5.9
2021,8/23/21,8,1,NYSY,3,D,0,0,,
2021,8/23/21,8,1,NYSY,4,D,0,0,,
2021,8/23/21,8,1,NYSY,5,L,1,0,53,9
2021,8/23/21,8,1,NYSY,6,L,3,0,31.5,5.4
2021,8/23/21,8,1,NYSY,7,L,1,0,22,4.8
2021,8/23/21,8,1,NYSY,8,D,0,0,,
2021,8/23/21,8,1,NYSY,9,D,0,0,,
2021,8/23/21,8,1,NYSY,10,D,0,0,,
2021,8/23/21,8,1,NYSY,11,L,1,0,18,4.6
2021,8/23/21,8,1,NYSY,12,L,0,0,28,3.1
2021,8/23/21,8,1,NYSY,13,L,0,0,36,3.4
2021,8/23/21,8,1,NYSY,14,L,2,0,35,5
2021,8/23/21,8,1,NYSY,15,D,0,0,,
2021,8/23/21,8,1,NYSY,16,D,0,0,,
2021,8/23/21,8,1,NYSY,17,L,0,1,3.5,1.9
2021,8/23/21,8,1,NYSY,18,L,1,0,11.4,6.6
2021,8/23/21,8,1,NYSY,19,D,0,0,,
2021,8/23/21,8,1,NYSY,20,L,0,0,12,4
2021,8/23/21,8,1,PRSE,1,L,1,0,76.5,6.6
2021,8/23/21,8,1,PRSE,2,L,1,0,84,5.4
2021,8/23/21,8,1,PRSE,3,L,1,0,97,9.6
2021,8/23/21,8,1,PRSE,4,L,1,0,130,8.4
2021,8/23/21,8,1,PRSE,5,L,1,0,103,11.8
2021,8/23/21,8,1,PRSE,6,L,1,0,133,8.6
2021,8/23/21,8,1,PRSE,7,L,3,0,100,7.7
2021,8/23/21,8,1,PRSE,8,L,3,0,38,7
2021,8/23/21,8,1,PRSE,9,L,1,0,95,6
2021,8/23/21,8,1,PRSE,10,D,0,0,,
2021,8/23/21,8,1,PRSE,11,L,3,0,55,5.4
2021,8/23/21,8,1,PRSE,12,L,3,0,97,7.4
2021,8/23/21,8,1,PRSE,13,L,3,0,57,6.1
2021,8/23/21,8,1,PRSE,14,L,3,0,78,5.8
2021,8/23/21,8,1,PRSE,15,L,3,0,103,7
2021,8/23/21,8,1,PRSE,16,L,2,0,85,6.8
2021,8/23/21,8,1,PRSE,17,L,3,0,68,3.6
2021,8/23/21,8,1,PRSE,18,L,3,0,60,7.7
2021,8/23/21,8,1,PRSE,19,L,2,0,38.5,4.8
2021,8/23/21,8,1,PRSE,20,L,2,0,53.5,6.2
2021,8/23/21,8,1,BELE,1,D,0,0,,
2021,8/23/21,8,1,BELE,2,D,0,0,,
2021,8/23/21,8,1,BELE,3,D,0,0,,
2021,8/23/21,8,1,BELE,4,L,1,0,60,4.7
2021,8/23/21,8,1,BELE,5,D,0,0,,
2021,8/23/21,8,1,BELE,6,D,0,0,,
2021,8/23/21,8,1,BELE,7,D,0,0,,
2021,8/23/21,8,1,BELE,8,D,0,0,,
2021,8/23/21,8,1,BELE,9,D,0,0,,
2021,8/23/21,8,1,BELE,10,L,0,1,9,1
2021,8/23/21,8,1,BELE,11,L,0,0,33,1.3
2021,8/23/21,8,1,BELE,12,D,0,0,,
2021,8/23/21,8,1,BELE,13,L,1,0,29.5,1.7
2021,8/23/21,8,1,BELE,14,D,0,0,,
2021,8/23/21,8,1,BELE,15,D,0,0,,
2021,8/23/21,8,1,BELE,16,D,0,0,,
2021,8/23/21,8,1,BELE,17,D,0,0,,
2021,8/23/21,8,1,BELE,18,D,0,0,,
2021,8/23/21,8,1,BELE,19,D,0,0,,
2021,8/23/21,8,1,BELE,20,L,0,0,58,9.1
2021,8/23/21,8,1,CACO,1,D,0,0,,
2021,8/23/21,8,1,CACO,2,L,0,0,34,4
2021,8/23/21,8,1,CACO,3,L,0,1,11,1.5
2021,8/23/21,8,1,CACO,4,D,0,0,,
2021,8/23/21,8,1,CACO,5,D,0,0,,
2021,8/23/21,8,1,CACO,6,D,0,0,,
2021,8/23/21,8,1,CACO,7,D,0,0,,
2021,8/23/21,8,1,CACO,8,L,0,1,28.5,4.4
2021,8/23/21,8,1,CACO,9,D,0,0,,
2021,8/23/21,8,1,CACO,10,V,0,1,8,1.4
2021,8/23/21,8,1,CACO,11,L,1,1,8,1.4
2021,8/23/21,8,1,CACO,12,L,0,0,31,6.2
2021,8/23/21,8,1,CACO,13,L,0,1,8,2
2021,8/23/21,8,1,CACO,14,D,0,0,,
2021,8/23/21,8,1,CACO,15,D,0,0,,
2021,8/23/21,8,1,CACO,16,V,0,0,28,3.9
2021,8/23/21,8,1,CACO,17,L,1,0,21.5,4.4
2021,8/23/21,8,1,CACO,18,D,0,0,,
2021,8/23/21,8,1,CACO,19,L,0,1,10.5,2.5
2021,8/23/21,8,1,CACO,20,L,0,1,39,4.4
2021,8/23/21,8,1,QURU,1,V,2,1,64,7.3
2021,8/23/21,8,1,QURU,2,L,1,0,55,12.7
2021,8/23/21,8,1,QURU,3,L,1,0,78,13.6
2021,8/23/21,8,1,QURU,4,L,2,0,56,12.1
2021,8/23/21,8,1,QURU,5,L,1,0,57,8.9
2021,8/23/21,8,1,QURU,6,L,2,0,57,8.6
2021,8/23/21,8,1,QURU,7,L,1,0,36,6.9
2021,8/23/21,8,1,QURU,8,L,1,0,23.5,4.6
2021,8/23/21,8,1,QURU,9,L,1,0,89,8.6
2021,8/23/21,8,1,QURU,10,L,1,0,40,5.5
2021,8/23/21,8,1,QURU,11,L,2,0,64,11.4
2021,8/23/21,8,1,QURU,12,L,2,1,61,10
2021,8/23/21,8,1,QURU,13,L,2,0,56,7.1
2021,8/23/21,8,1,QURU,14,L,3,0,46.5,8.1
2021,8/23/21,8,1,QURU,15,L,4,0,56,9.7
2021,8/23/21,8,1,QURU,16,L,5,0,62,7.7
2021,8/23/21,8,1,QURU,17,L,1,0,51,7.4
2021,8/23/21,8,1,QURU,18,L,2,0,61,7
2021,8/23/21,8,1,QURU,19,L,1,0,38,8.3
2021,8/23/21,8,1,QURU,20,L,1,0,60.5,8.5
2021,8/23/21,8,1,TIAM,1,L,2,0,28,5.5
2021,8/23/21,8,1,TIAM,2,L,2,0,24.5,4.7
2021,8/23/21,8,1,TIAM,3,L,1,1,18,3.4
2021,8/23/21,8,1,TIAM,4,L,0,1,10,3.6
2021,8/23/21,8,1,TIAM,5,L,1,0,32,6.6
2021,8/23/21,8,1,TIAM,6,L,1,0,39.5,5.6
2021,8/23/21,8,1,TIAM,7,V,2,0,19,4
2021,8/23/21,8,1,TIAM,8,L,0,0,57,7.2
2021,8/23/21,8,1,TIAM,9,V,3,0,31.5,4.9
2021,8/23/21,8,1,TIAM,10,L,1,0,19.5,7.6
2021,8/23/21,8,1,TIAM,11,L,2,0,28,6.3
2021,8/23/21,8,1,TIAM,12,L,1,0,19,3.5
2021,8/23/21,8,1,TIAM,13,L,1,0,43,10.9
2021,8/23/21,8,1,TIAM,14,L,1,0,66,8.8
2021,8/23/21,8,1,TIAM,15,L,1,0,36,4.1
2021,8/23/21,8,1,TIAM,16,L,2,0,39,6.5
2021,8/23/21,8,1,TIAM,17,L,0,0,46,5.4
2021,8/23/21,8,1,TIAM,18,L,2,0,14.5,4.5
2021,8/23/21,8,1,TIAM,19,L,2,0,28.5,5
2021,8/23/21,8,1,TIAM,20,L,1,0,10,1.5
2021,8/23/21,3,5,ACRU,1,L,1,0,25,4.9
2021,8/23/21,3,5,ACRU,2,L,1,1,24.5,5.4
2021,8/23/21,3,5,ACRU,3,L,2,1,41,5.7
2021,8/23/21,3,5,ACRU,4,D,0,0,,
2021,8/23/21,3,5,ACRU,5,V,2,1,28,5.4
2021,8/23/21,3,5,ACRU,6,D,0,0,,
2021,8/23/21,3,5,ACRU,7,V,1,0,26.5,4.4
2021,8/23/21,3,5,ACRU,8,L,1,1,52,7.5
2021,8/23/21,3,5,ACRU,9,L,1,0,38,7.3
2021,8/23/21,3,5,ACRU,10,L,1,0,44,6.6
2021,8/23/21,3,5,ACRU,11,L,1,0,48,6.5
2021,8/23/21,3,5,ACRU,12,L,1,0,57,5.8
2021,8/23/21,3,5,ACRU,13,L,1,0,30.5,4.7
2021,8/23/21,3,5,ACRU,14,L,1,0,31.5,4.3
2021,8/23/21,3,5,ACRU,15,L,2,0,31,8.4
2021,8/23/21,3,5,ACRU,16,L,1,0,43,7.2
2021,8/23/21,3,5,ACRU,17,L,1,0,32.5,5.3
2021,8/23/21,3,5,ACRU,18,L,1,0,38.5,5.9
2021,8/23/21,3,5,ACRU,19,V,0,1,28.5,4.6
2021,8/23/21,3,5,ACRU,20,L,1,0,41,7.8
2021,8/23/21,3,5,ACSA,1,L,0,1,11,4.7
2021,8/23/21,3,5,ACSA,2,V,2,0,36.5,4.3
2021,8/23/21,3,5,ACSA,3,L,1,0,47,6.2
2021,8/23/21,3,5,ACSA,4,L,1,0,31.5,5.2
2021,8/23/21,3,5,ACSA,5,D,0,0,,
2021,8/23/21,3,5,ACSA,6,L,1,0,28,2.7
2021,8/23/21,3,5,ACSA,7,L,2,0,36,4
2021,8/23/21,3,5,ACSA,8,D,0,0,,
2021,8/23/21,3,5,ACSA,9,L,2,0,30.5,3.4
2021,8/23/21,3,5,ACSA,10,D,0,0,,
2021,8/23/21,3,5,ACSA,11,L,1,1,21.5,3
2021,8/23/21,3,5,ACSA,12,V,1,1,32,2.9
2021,8/23/21,3,5,ACSA,13,L,3,0,43,6.3
2021,8/23/21,3,5,ACSA,14,L,1,0,35,6.5
2021,8/23/21,3,5,ACSA,15,D,0,0,,
2021,8/23/21,3,5,ACSA,16,L,0,1,14.5,1.7
2021,8/23/21,3,5,ACSA,17,L,1,1,22.5,4.8
2021,8/23/21,3,5,ACSA,18,L,1,0,55,9.8
2021,8/23/21,3,5,ACSA,19,L,1,1,33.5,5.5
2021,8/23/21,3,5,ACSA,20,L,1,0,43.5,5.7
2021,8/23/21,3,5,ACSA,21,L,2,0,36,3.5
2021,8/23/21,3,5,NYSY,1,L,1,0,16.5,4.8
2021,8/23/21,3,5,NYSY,2,L,1,1,8.5,1.4
2021,8/23/21,3,5,NYSY,3,L,1,0,13.5,3.9
2021,8/23/21,3,5,NYSY,4,L,1,1,5.5,3.9
2021,8/23/21,3,5,NYSY,5,L,1,1,8,3.6
2021,8/23/21,3,5,NYSY,6,D,0,0,,
2021,8/23/21,3,5,NYSY,7,NA,0,0,,
2021,8/23/21,3,5,NYSY,8,L,1,0,28.5,5.3
2021,8/23/21,3,5,NYSY,9,L,1,0,10.5,3.6
2021,8/23/21,3,5,NYSY,10,L,1,1,12.5,6.7
2021,8/23/21,3,5,NYSY,11,L,1,0,22.5,6.9
2021,8/23/21,3,5,NYSY,12,L,2,0,13,4.2
2021,8/23/21,3,5,NYSY,13,V,0,0,,
2021,8/23/21,3,5,NYSY,14,D,0,0,,
2021,8/23/21,3,5,NYSY,15,L,1,0,35.5,6.1
2021,8/23/21,3,5,NYSY,16,L,1,0,20.5,6.2
2021,8/23/21,3,5,NYSY,17,D,0,0,,
2021,8/23/21,3,5,NYSY,18,D,0,0,,
2021,8/23/21,3,5,NYSY,19,L,0,0,16.5,5.2
2021,8/23/21,3,5,NYSY,20,L,0,1,9.5,1.6
2021,8/23/21,3,5,PRSE,1,L,3,1,60,7.1
2021,8/23/21,3,5,PRSE,2,L,3,0,32.5,5.9
2021,8/23/21,3,5,PRSE,3,L,2,0,33,5
2021,8/23/21,3,5,PRSE,4,V,3,1,33,3.7
2021,8/23/21,3,5,PRSE,5,L,2,0,43.5,3.3
2021,8/23/21,3,5,PRSE,6,L,2,0,45.5,5.5
2021,8/23/21,3,5,PRSE,7,L,1,0,45,6.5
2021,8/23/21,3,5,PRSE,8,V,3,1,23,4.2
2021,8/23/21,3,5,PRSE,9,L,3,0,38,5.5
2021,8/23/21,3,5,PRSE,10,L,1,0,50,8.1
2021,8/23/21,3,5,PRSE,11,L,3,0,38.5,5.8
2021,8/23/21,3,5,PRSE,12,L,2,1,14,2.1
2021,8/23/21,3,5,PRSE,13,L,2,0,56,6.6
2021,8/23/21,3,5,PRSE,14,L,2,0,28.5,3.7
2021,8/23/21,3,5,PRSE,15,V,3,0,34.5,5
2021,8/23/21,3,5,PRSE,16,L,2,0,47,4.8
2021,8/23/21,3,5,PRSE,17,L,2,0,25.5,3.1
2021,8/23/21,3,5,PRSE,18,L,1,1,39.5,7.7
2021,8/23/21,3,5,PRSE,19,L,2,0,37,5.6
2021,8/23/21,3,5,PRSE,20,L,2,0,57,5.1
2021,8/23/21,3,5,BELE,1,D,0,0,,
2021,8/23/21,3,5,BELE,2,D,0,0,,
2021,8/23/21,3,5,BELE,3,D,0,0,,
2021,8/23/21,3,5,BELE,4,D,0,0,,
2021,8/23/21,3,5,BELE,5,L,1,0,66,5.6
2021,8/23/21,3,5,BELE,6,D,0,0,,
2021,8/23/21,3,5,BELE,7,L,1,0,69.5,5.5
2021,8/23/21,3,5,BELE,8,D,0,0,,
2021,8/23/21,3,5,BELE,9,D,0,0,,
2021,8/23/21,3,5,BELE,10,D,0,0,,
2021,8/23/21,3,5,BELE,11,D,0,0,,
2021,8/23/21,3,5,BELE,12,D,0,0,,
2021,8/23/21,3,5,BELE,13,L,1,0,56.5,6.1
2021,8/23/21,3,5,BELE,14,D,0,0,,
2021,8/23/21,3,5,BELE,15,D,0,0,,
2021,8/23/21,3,5,BELE,16,L,0,0,53,4.5
2021,8/23/21,3,5,BELE,17,D,0,0,,
2021,8/23/21,3,5,BELE,18,D,0,0,,
2021,8/23/21,3,5,BELE,19,D,0,0,,
2021,8/23/21,3,5,BELE,20,D,0,0,,
2021,8/23/21,3,5,CACO,1,V,0,0,26.5,2.6
2021,8/23/21,3,5,CACO,2,V,2,1,20,2.4
2021,8/23/21,3,5,CACO,3,V,3,0,25,3.7
2021,8/23/21,3,5,CACO,4,D,0,0,,
2021,8/23/21,3,5,CACO,5,V,0,0,,
2021,8/23/21,3,5,CACO,6,V,3,1,17,4.1
2021,8/23/21,3,5,CACO,7,V,0,1,29.5,4.6
2021,8/23/21,3,5,CACO,8,L,2,0,30,4.1
2021,8/23/21,3,5,CACO,9,V,0,0,,
2021,8/23/21,3,5,CACO,10,L,3,0,21,3.9
2021,8/23/21,3,5,CACO,11,L,1,0,28,3.7
2021,8/23/21,3,5,CACO,12,L,2,0,26,2.6
2021,8/23/21,3,5,CACO,13,V,3,1,22,3.8
2021,8/23/21,3,5,CACO,14,L,2,1,19,3.8
2021,8/23/21,3,5,CACO,15,V,3,1,30,3.7
2021,8/23/21,3,5,CACO,16,L,0,1,7,4.8
2021,8/23/21,3,5,CACO,17,V,0,0,,
2021,8/23/21,3,5,CACO,18,L,1,1,29,3.5
2021,8/23/21,3,5,CACO,19,V,0,1,25,4.2
2021,8/23/21,3,5,CACO,20,D,0,0,,
2021,8/23/21,3,5,QURU,1,L,2,0,43,7.7
2021,8/23/21,3,5,QURU,2,V,3,0,30,9.3
2021,8/23/21,3,5,QURU,3,V,0,0,,
2021,8/23/21,3,5,QURU,4,L,3,0,40,6.6
2021,8/23/21,3,5,QURU,5,V,2,1,57,6.6
2021,8/23/21,3,5,QURU,6,V,3,0,57.5,8.3
2021,8/23/21,3,5,QURU,7,L,3,0,46,10.1
2021,8/23/21,3,5,QURU,8,L,2,0,56,8
2021,8/23/21,3,5,QURU,9,V,3,0,48,6.7
2021,8/23/21,3,5,QURU,10,L,2,0,48,5.6
2021,8/23/21,3,5,QURU,11,L,3,1,37,8.3
2021,8/23/21,3,5,QURU,12,V,0,0,,
2021,8/23/21,3,5,QURU,13,L,2,0,49,9.1
2021,8/23/21,3,5,QURU,14,V,3,0,40,6.8
2021,8/23/21,3,5,QURU,15,L,3,0,54,5.7
2021,8/23/21,3,5,QURU,16,V,3,0,46,6.3
2021,8/23/21,3,5,QURU,17,V,1,1,46,8.8
2021,8/23/21,3,5,QURU,18,L,2,1,32.5,7.7
2021,8/23/21,3,5,QURU,19,V,3,0,40,7.9
2021,8/23/21,3,5,QURU,20,V,3,0,52,8.3
2021,8/23/21,3,5,TIAM,1,V,3,0,12.5,3.2
2021,8/23/21,3,5,TIAM,2,L,2,1,23,4.9
2021,8/23/21,3,5,TIAM,3,V,2,1,12,3.4
2021,8/23/21,3,5,TIAM,4,L,1,1,6.5,3.6
2021,8/23/21,3,5,TIAM,5,L,2,0,16.5,4.2
2021,8/23/21,3,5,TIAM,6,L,2,0,23,4
2021,8/23/21,3,5,TIAM,7,V,2,1,30,5
2021,8/23/21,3,5,TIAM,8,D,0,0,,
2021,8/23/21,3,5,TIAM,9,D,0,0,,
2021,8/23/21,3,5,TIAM,10,L,2,1,9.5,3.5
2021,8/23/21,3,5,TIAM,11,L,2,1,21,5.8
2021,8/23/21,3,5,TIAM,12,V,3,1,26,6
2021,8/23/21,3,5,TIAM,13,L,2,1,13,7.6
2021,8/23/21,3,5,TIAM,14,L,3,0,23,4.7
2021,8/23/21,3,5,TIAM,15,L,2,0,20,5.3
2021,8/23/21,3,5,TIAM,16,L,3,0,25,6.9
2021,8/23/21,3,5,TIAM,17,L,2,0,19,3.5
2021,8/23/21,3,5,TIAM,18,D,0,0,,
2021,8/23/21,3,5,TIAM,19,L,1,0,24,3.4
2021,8/23/21,3,5,TIAM,20,L,2,0,37,7
2021,8/23/21,2,5,ACRU,1,L,0,0,21,2.4
2021,8/23/21,2,5,ACRU,2,L,2,0,18,3.6
2021,8/23/21,2,5,ACRU,3,L,0,1,18.5,5.2
2021,8/23/21,2,5,ACRU,4,L,1,0,53,5.5
2021,8/23/21,2,5,ACRU,5,L,1,0,47,6
2021,8/23/21,2,5,ACRU,6,L,2,0,36.5,4.7
2021,8/23/21,2,5,ACRU,7,L,1,0,44,5.4
2021,8/23/21,2,5,ACRU,8,L,1,0,42,5.7
2021,8/23/21,2,5,ACRU,9,L,1,0,49,4.4
2021,8/23/21,2,5,ACRU,10,L,2,0,22,2.8
2021,8/23/21,2,5,ACRU,11,L,0,1,32,2.4
2021,8/23/21,2,5,ACRU,12,L,1,0,33,5.7
2021,8/23/21,2,5,ACRU,13,L,1,0,50.5,6.1
2021,8/23/21,2,5,ACRU,14,L,1,1,28,4
2021,8/23/21,2,5,ACRU,15,L,1,0,34.5,4.1
2021,8/23/21,2,5,ACRU,16,L,1,0,42,4.7
2021,8/23/21,2,5,ACRU,17,L,1,0,30,5.5
2021,8/23/21,2,5,ACRU,18,L,1,0,36,5.7
2021,8/23/21,2,5,ACRU,19,L,1,0,58,5.8
2021,8/23/21,2,5,ACRU,20,L,1,0,28,2.9
2021,8/23/21,2,5,ACSA,1,L,0,0,38.5,6.6
2021,8/23/21,2,5,ACSA,2,L,1,1,41,6.6
2021,8/23/21,2,5,ACSA,3,L,0,1,13,4.8
2021,8/23/21,2,5,ACSA,4,D,0,0,,
2021,8/23/21,2,5,ACSA,5,L,1,0,40,4.7
2021,8/23/21,2,5,ACSA,6,D,0,0,,
2021,8/23/21,2,5,ACSA,7,D,0,0,,
2021,8/23/21,2,5,ACSA,8,D,0,0,,
2021,8/23/21,2,5,ACSA,9,L,1,0,39.5,4.7
2021,8/23/21,2,5,ACSA,10,L,2,0,41.5,5.2
2021,8/23/21,2,5,ACSA,11,L,1,0,60,5.1
2021,8/23/21,2,5,ACSA,12,L,0,1,33,6.5
2021,8/23/21,2,5,ACSA,13,D,0,0,,
2021,8/23/21,2,5,ACSA,14,L,1,0,,
2021,8/23/21,2,5,ACSA,15,L,0,0,29,3.4
2021,8/23/21,2,5,ACSA,16,L,1,0,36,4.1
2021,8/23/21,2,5,ACSA,17,L,0,0,50.5,3.9
2021,8/23/21,2,5,ACSA,18,D,0,0,,
2021,8/23/21,2,5,ACSA,19,L,1,1,33,4.3
2021,8/23/21,2,5,ACSA,20,L,0,0,28,3.8
2021,8/23/21,2,5,NYSY,1,L,1,1,23,5.4
2021,8/23/21,2,5,NYSY,2,L,0,1,9,4
2021,8/23/21,2,5,NYSY,3,D,0,0,,
2021,8/23/21,2,5,NYSY,4,L,0,1,3.5,1.7
2021,8/23/21,2,5,NYSY,5,D,0,0,,
2021,8/23/21,2,5,NYSY,6,L,0,1,2,1.4
2021,8/23/21,2,5,NYSY,7,D,0,0,,
2021,8/23/21,2,5,NYSY,8,L,0,1,1.5,3.2
2021,8/23/21,2,5,NYSY,9,L,1,0,27,4.9
2021,8/23/21,2,5,NYSY,10,L,0,0,40,4.3
2021,8/23/21,2,5,NYSY,11,L,1,0,36,5.1
2021,8/23/21,2,5,NYSY,12,L,1,0,12,3.3
2021,8/23/21,2,5,NYSY,13,D,0,0,,
2021,8/23/21,2,5,NYSY,14,L,0,1,6,1.5
2021,8/23/21,2,5,NYSY,15,L,0,1,6.5,1.5
2021,8/23/21,2,5,NYSY,16,L,0,0,14.5,5.4
2021,8/23/21,2,5,NYSY,17,L,0,0,11,2.3
2021,8/23/21,2,5,NYSY,18,D,0,0,,
2021,8/23/21,2,5,NYSY,19,L,1,0,17,6.7
2021,8/23/21,2,5,NYSY,20,D,0,0,,
2021,8/23/21,2,5,PRSE,1,L,2,0,33,4.1
2021,8/23/21,2,5,PRSE,2,L,2,1,22,2.7
2021,8/23/21,2,5,PRSE,3,L,1,0,41,6.8
2021,8/23/21,2,5,PRSE,4,L,3,0,38,3.4
2021,8/23/21,2,5,PRSE,5,L,2,0,31,6.5
2021,8/23/21,2,5,PRSE,6,L,0,0,37.5,2.4
2021,8/23/21,2,5,PRSE,7,L,1,0,33,4.6
2021,8/23/21,2,5,PRSE,8,L,1,0,33.5,3.5
2021,8/23/21,2,5,PRSE,9,L,2,1,32,5.4
2021,8/23/21,2,5,PRSE,10,L,1,0,61.5,5.1
2021,8/23/21,2,5,PRSE,11,L,1,1,15.5,1.4
2021,8/23/21,2,5,PRSE,12,L,2,0,72,6.1
2021,8/23/21,2,5,PRSE,13,L,2,0,39,4.2
2021,8/23/21,2,5,PRSE,14,L,2,0,42,3.8
2021,8/23/21,2,5,PRSE,15,L,1,0,44,3.9
2021,8/23/21,2,5,PRSE,16,L,1,0,45,5.8
2021,8/23/21,2,5,PRSE,17,L,2,0,62,6
2021,8/23/21,2,5,PRSE,18,L,1,0,29,2.5
2021,8/23/21,2,5,PRSE,19,L,1,1,17,3.5
2021,8/23/21,2,5,PRSE,20,L,2,1,22.5,3.7
2021,8/23/21,2,5,BELE,1,D,0,0,,
2021,8/23/21,2,5,BELE,2,L,0,1,14,2.5
2021,8/23/21,2,5,BELE,3,D,0,0,,
2021,8/23/21,2,5,BELE,4,D,0,0,,
2021,8/23/21,2,5,BELE,5,L,1,0,58.5,10.2
2021,8/23/21,2,5,BELE,6,D,0,0,,
2021,8/23/21,2,5,BELE,7,D,0,0,,
2021,8/23/21,2,5,BELE,8,D,0,0,,
2021,8/23/21,2,5,BELE,9,L,1,0,31,4.6
2021,8/23/21,2,5,BELE,10,D,0,0,,
2021,8/23/21,2,5,BELE,11,D,0,0,,
2021,8/23/21,2,5,BELE,12,D,0,0,,
2021,8/23/21,2,5,BELE,13,L,1,0,52.5,7.7
2021,8/23/21,2,5,BELE,14,D,0,0,,
2021,8/23/21,2,5,BELE,15,D,0,0,,
2021,8/23/21,2,5,BELE,16,D,0,0,,
2021,8/23/21,2,5,BELE,17,L,0,0,34,4.5
2021,8/23/21,2,5,BELE,18,L,1,0,70,5.2
2021,8/23/21,2,5,BELE,19,L,1,0,82,4.7
2021,8/23/21,2,5,BELE,20,D,0,0,,
2021,8/23/21,2,5,CACO,1,D,0,0,,
2021,8/23/21,2,5,CACO,2,D,0,0,,
2021,8/23/21,2,5,CACO,3,D,0,0,,
2021,8/23/21,2,5,CACO,4,L,1,1,12,3.9
2021,8/23/21,2,5,CACO,5,D,0,0,,
2021,8/23/21,2,5,CACO,6,L,0,1,5.5,1.2
2021,8/23/21,2,5,CACO,7,D,0,0,,
2021,8/23/21,2,5,CACO,8,L,1,1,11,4.5
2021,8/23/21,2,5,CACO,9,D,0,0,,
2021,8/23/21,2,5,CACO,10,D,0,0,,
2021,8/23/21,2,5,CACO,11,D,0,0,,
2021,8/23/21,2,5,CACO,12,D,0,0,,
2021,8/23/21,2,5,CACO,13,L,0,1,7,1.7
2021,8/23/21,2,5,CACO,14,D,0,0,,
2021,8/23/21,2,5,CACO,15,L,1,0,53.5,5.5
2021,8/23/21,2,5,CACO,16,L,1,1,9,3.9
2021,8/23/21,2,5,CACO,17,L,1,1,12,1.1
2021,8/23/21,2,5,CACO,18,L,0,1,11,1.6
2021,8/23/21,2,5,CACO,19,D,0,0,,
2021,8/23/21,2,5,CACO,20,L,0,1,7,1.9
2021,8/23/21,2,5,QURU,1,L,2,0,51,8.8
2021,8/23/21,2,5,QURU,2,L,2,0,46,11.7
2021,8/23/21,2,5,QURU,3,D,0,0,,
2021,8/23/21,2,5,QURU,4,L,1,1,21.5,3.3
2021,8/23/21,2,5,QURU,5,L,2,0,42,8.4
2021,8/23/21,2,5,QURU,6,L,2,0,68.5,8.2
2021,8/23/21,2,5,QURU,7,L,2,0,57,12.5
2021,8/23/21,2,5,QURU,8,L,1,1,51.5,6.5
2021,8/23/21,2,5,QURU,9,L,2,0,47,8.8
2021,8/23/21,2,5,QURU,10,L,2,0,57,11.2
2021,8/23/21,2,5,QURU,11,L,1,0,48,7.1
2021,8/23/21,2,5,QURU,12,D,0,0,,
2021,8/23/21,2,5,QURU,13,L,2,0,44.5,6.8
2021,8/23/21,2,5,QURU,14,L,2,0,36,5.1
2021,8/23/21,2,5,QURU,15,L,1,0,36,10.2
2021,8/23/21,2,5,QURU,16,L,2,1,37,11.2
2021,8/23/21,2,5,QURU,17,L,1,0,41.5,10.7
2021,8/23/21,2,5,QURU,18,L,2,0,49.5,12.5
2021,8/23/21,2,5,QURU,19,L,2,0,41.5,7.6
2021,8/23/21,2,5,QURU,20,L,1,0,48,12.5
2021,8/23/21,2,5,TIAM,1,L,1,0,20.5,5.4
2021,8/23/21,2,5,TIAM,2,L,2,1,26,8.4
2021,8/23/21,2,5,TIAM,3,L,1,1,28,6.6
2021,8/23/21,2,5,TIAM,4,V,1,0,27,3.6
2021,8/23/21,2,5,TIAM,5,L,0,1,5,5.5
2021,8/23/21,2,5,TIAM,6,L,1,0,16.5,4.6
2021,8/23/21,2,5,TIAM,7,L,3,0,24,5.4
2021,8/23/21,2,5,TIAM,8,L,2,0,25.5,6.8
2021,8/23/21,2,5,TIAM,9,L,1,0,31.5,10.4
2021,8/23/21,2,5,TIAM,10,L,2,0,29.5,5.8
2021,8/23/21,2,5,TIAM,11,V,3,0,20,5.3
2021,8/23/21,2,5,TIAM,12,V,2,0,27,7.6
2021,8/23/21,2,5,TIAM,13,V,3,1,21,4.3
2021,8/23/21,2,5,TIAM,14,D,0,0,,
2021,8/23/21,2,5,TIAM,15,L,2,0,22,7.6
2021,8/23/21,2,5,TIAM,16,V,2,0,31.5,6.9
2021,8/23/21,2,5,TIAM,17,L,2,1,6,4.7
2021,8/23/21,2,5,TIAM,18,L,2,0,29,7.8
2021,8/23/21,2,5,TIAM,19,L,2,0,29,6.4
2021,8/23/21,2,5,TIAM,20,L,2,0,30.5,6.1
2021,8/23/21,2,9,ACRU,1,L,1,0,40,5.3
2021,8/23/21,2,9,ACRU,2,L,1,0,60,7.3
2021,8/23/21,2,9,ACRU,3,L,2,0,48.5,8
2021,8/23/21,2,9,ACRU,4,L,1,0,46.5,3.5
2021,8/23/21,2,9,ACRU,5,L,1,0,32,4.4
2021,8/23/21,2,9,ACRU,6,L,1,0,26.5,6.9
2021,8/23/21,2,9,ACRU,7,L,2,0,47.5,4.7
2021,8/23/21,2,9,ACRU,8,L,1,0,43.5,4.3
2021,8/23/21,2,9,ACRU,9,L,2,0,37.5,5.3
2021,8/23/21,2,9,ACRU,10,L,1,0,42,5.5
2021,8/23/21,2,9,ACRU,11,L,1,0,29,5.2
2021,8/23/21,2,9,ACRU,12,D,0,0,,
2021,8/23/21,2,9,ACRU,13,L,1,0,22.5,5.9
2021,8/23/21,2,9,ACRU,14,L,1,1,43,9
2021,8/23/21,2,9,ACRU,15,L,1,0,36.5,5
2021,8/23/21,2,9,ACRU,16,L,1,0,37.5,5.3
2021,8/23/21,2,9,ACRU,17,L,1,0,38,6.4
2021,8/23/21,2,9,ACRU,18,L,1,0,35,6.9
2021,8/23/21,2,9,ACRU,19,L,1,0,46,4.4
2021,8/23/21,2,9,ACRU,20,L,1,0,47,6
2021,8/23/21,2,9,ACSA,1,L,2,1,42,6.6
2021,8/23/21,2,9,ACSA,2,L,3,0,39.5,5.5
2021,8/23/21,2,9,ACSA,3,D,0,0,,
2021,8/23/21,2,9,ACSA,4,L,1,1,35.5,8.1
2021,8/23/21,2,9,ACSA,5,L,2,0,36.5,4.4
2021,8/23/21,2,9,ACSA,6,L,2,1,37,5.8
2021,8/23/21,2,9,ACSA,7,L,1,0,35,5
2021,8/23/21,2,9,ACSA,8,L,1,0,45,4
2021,8/23/21,2,9,ACSA,9,L,1,0,43,5.6
2021,8/23/21,2,9,ACSA,10,L,1,0,47.5,7.7
2021,8/23/21,2,9,ACSA,11,L,1,1,41,6.9
2021,8/23/21,2,9,ACSA,12,L,1,0,50.5,7.6
2021,8/23/21,2,9,ACSA,13,L,0,0,24,6.2
2021,8/23/21,2,9,ACSA,14,L,1,0,50,6.1
2021,8/23/21,2,9,ACSA,15,L,2,1,38.5,10.7
2021,8/23/21,2,9,ACSA,16,L,1,1,8.5,3.4
2021,8/23/21,2,9,ACSA,17,L,1,0,39.5,3.7
2021,8/23/21,2,9,ACSA,18,L,2,1,30.5,6.8
2021,8/23/21,2,9,ACSA,19,L,1,0,32,5.6
2021,8/23/21,2,9,ACSA,20,L,2,0,43.5,7
2021,8/23/21,2,9,NYSY,1,L,1,0,30.5,4.9
2021,8/23/21,2,9,NYSY,2,V,0,1,9,4.7
2021,8/23/21,2,9,NYSY,3,D,0,0,,
2021,8/23/21,2,9,NYSY,4,V,1,1,4.5,3.9
2021,8/23/21,2,9,NYSY,5,D,0,0,,
2021,8/23/21,2,9,NYSY,6,L,1,1,12,7
2021,8/23/21,2,9,NYSY,7,L,1,1,7.5,4.8
2021,8/23/21,2,9,NYSY,8,L,1,0,13.5,8.1
2021,8/23/21,2,9,NYSY,9,L,1,0,16.5,4.6
2021,8/23/21,2,9,NYSY,10,L,1,0,14,4.4
2021,8/23/21,2,9,NYSY,11,,0,0,NA,
2021,8/23/21,2,9,NYSY,12,L,1,0,14,5.5
2021,8/23/21,2,9,NYSY,13,,0,0,NA,
2021,8/23/21,2,9,NYSY,14,L,1,0,20,5
2021,8/23/21,2,9,NYSY,15,L,0,0,19.5,5.9
2021,8/23/21,2,9,NYSY,16,V,0,1,2,5.5
2021,8/23/21,2,9,NYSY,17,D,0,0,,
2021,8/23/21,2,9,NYSY,18,,0,0,NA,
2021,8/23/21,2,9,NYSY,19,D,0,0,,
2021,8/23/21,2,9,NYSY,20,D,0,0,,
2021,8/23/21,2,9,PRSE,1,L,1,0,22,3
2021,8/23/21,2,9,PRSE,2,L,1,0,46,5.1
2021,8/23/21,2,9,PRSE,3,L,1,1,19.5,6.5
2021,8/23/21,2,9,PRSE,4,D,0,0,,
2021,8/23/21,2,9,PRSE,5,L,1,0,36,4.9
2021,8/23/21,2,9,PRSE,6,L,1,0,60.5,4.9
2021,8/23/21,2,9,PRSE,7,L,1,0,46.5,5.6
2021,8/23/21,2,9,PRSE,8,L,1,0,33,4.9
2021,8/23/21,2,9,PRSE,9,L,1,0,48,5.3
2021,8/23/21,2,9,PRSE,10,L,1,0,62.5,4.3
2021,8/23/21,2,9,PRSE,11,L,1,0,42.5,3.4
2021,8/23/21,2,9,PRSE,12,L,1,1,29.5,7.8
2021,8/23/21,2,9,PRSE,13,L,1,0,72,6.3
2021,8/23/21,2,9,PRSE,14,L,1,0,31,3.9
2021,8/23/21,2,9,PRSE,15,L,1,0,51,5.4
2021,8/23/21,2,9,PRSE,16,L,1,0,43.5,5.8
2021,8/23/21,2,9,PRSE,17,L,1,1,28,4.3
2021,8/23/21,2,9,PRSE,18,L,1,0,54.5,3.3
2021,8/23/21,2,9,PRSE,19,L,1,0,46.5,5.8
2021,8/23/21,2,9,PRSE,20,L,1,0,52,8
2021,8/23/21,2,9,BELE,1,L,2,0,47.5,5.1
2021,8/23/21,2,9,BELE,2,L,1,0,52,4
2021,8/23/21,2,9,BELE,3,L,2,0,59,4.3
2021,8/23/21,2,9,BELE,4,D,0,0,,
2021,8/23/21,2,9,BELE,5,V,1,1,11,2.5
2021,8/23/21,2,9,BELE,6,D,0,0,,
2021,8/23/21,2,9,BELE,7,D,0,0,,
2021,8/23/21,2,9,BELE,8,L,2,0,67,8.1
2021,8/23/21,2,9,BELE,9,L,1,0,35,3.7
2021,8/23/21,2,9,BELE,10,L,2,0,44,4.2
2021,8/23/21,2,9,BELE,11,D,0,0,,
2021,8/23/21,2,9,BELE,12,L,1,0,56,5.7
2021,8/23/21,2,9,BELE,13,L,1,0,49,4.2
2021,8/23/21,2,9,BELE,14,L,1,0,40,2.9
2021,8/23/21,2,9,BELE,15,L,1,0,33,2.8
2021,8/23/21,2,9,BELE,16,D,0,0,,
2021,8/23/21,2,9,BELE,17,L,2,0,35,3.1
2021,8/23/21,2,9,BELE,18,L,1,0,43,3.1
2021,8/23/21,2,9,BELE,19,D,0,0,,
2021,8/23/21,2,9,BELE,20,D,0,0,,
2021,8/23/21,2,9,CACO,1,L,1,0,33.5,6.5
2021,8/23/21,2,9,CACO,2,D,0,0,,
2021,8/23/21,2,9,CACO,3,L,2,0,21,4
2021,8/23/21,2,9,CACO,4,L,1,0,17.5,4.2
2021,8/23/21,2,9,CACO,5,D,0,0,,
2021,8/23/21,2,9,CACO,6,L,1,0,17.5,2.5
2021,8/23/21,2,9,CACO,7,L,0,0,13,2.4
2021,8/23/21,2,9,CACO,8,L,1,1,22.5,5.1
2021,8/23/21,2,9,CACO,9,L,1,1,16,5.9
2021,8/23/21,2,9,CACO,10,L,1,0,23.5,3.3
2021,8/23/21,2,9,CACO,11,D,0,0,,
2021,8/23/21,2,9,CACO,12,L,2,0,18,3
2021,8/23/21,2,9,CACO,13,L,2,1,16,3.2
2021,8/23/21,2,9,CACO,14,L,0,1,16,4
2021,8/23/21,2,9,CACO,15,V,0,0,,
2021,8/23/21,2,9,CACO,16,L,1,0,23,5.6
2021,8/23/21,2,9,CACO,17,L,0,0,16,4.6
2021,8/23/21,2,9,CACO,18,L,1,0,17,2.5
2021,8/23/21,2,9,CACO,19,L,0,0,18,3.8
2021,8/23/21,2,9,CACO,20,L,1,1,12,4.2
2021,8/23/21,2,9,QURU,1,L,2,1,38,6.8
2021,8/23/21,2,9,QURU,2,L,2,0,46,9
2021,8/23/21,2,9,QURU,3,L,2,0,63,9.4
2021,8/23/21,2,9,QURU,4,L,2,0,38,11.5
2021,8/23/21,2,9,QURU,5,L,2,0,52.5,6.3
2021,8/23/21,2,9,QURU,6,L,1,1,38.5,13.6
2021,8/23/21,2,9,QURU,7,L,0,1,8,2.3
2021,8/23/21,2,9,QURU,8,L,1,0,59,6
2021,8/23/21,2,9,QURU,9,L,1,0,57,6.6
2021,8/23/21,2,9,QURU,10,L,2,1,26,7.3
2021,8/23/21,2,9,QURU,11,L,2,0,65,7.8
2021,8/23/21,2,9,QURU,12,L,2,0,43,7.4
2021,8/23/21,2,9,QURU,13,L,2,0,59,9.8
2021,8/23/21,2,9,QURU,14,L,2,0,50,6.3
2021,8/23/21,2,9,QURU,15,L,1,0,47.5,4.9
2021,8/23/21,2,9,QURU,16,L,2,0,47.5,5.2
2021,8/23/21,2,9,QURU,17,L,2,0,47,5.7
2021,8/23/21,2,9,QURU,18,L,2,0,57,11.4
2021,8/23/21,2,9,QURU,19,L,2,0,52.5,9.8
2021,8/23/21,2,9,QURU,20,L,2,0,47,11.1
2021,8/23/21,2,9,QURU,21,L,1,0,51,10.9
2021,8/23/21,2,9,TIAM,1,L,1,0,35.5,5.1
2021,8/23/21,2,9,TIAM,2,L,2,0,30,10.8
2021,8/23/21,2,9,TIAM,3,L,0,1,12,4.8
2021,8/23/21,2,9,TIAM,4,L,1,0,34,8.1
2021,8/23/21,2,9,TIAM,5,L,1,1,35,9.5
2021,8/23/21,2,9,TIAM,6,L,0,0,20.5,5.2
2021,8/23/21,2,9,TIAM,7,L,1,0,28,7.3
2021,8/23/21,2,9,TIAM,8,L,0,1,9.5,7
2021,8/23/21,2,9,TIAM,9,L,0,0,23,4.8
2021,8/23/21,2,9,TIAM,10,L,1,0,37,10.1
2021,8/23/21,2,9,TIAM,11,D,0,0,,
2021,8/23/21,2,9,TIAM,12,L,1,0,28,5
2021,8/23/21,2,9,TIAM,13,L,2,0,38,7.1
2021,8/23/21,2,9,TIAM,14,V,0,0,19,4.8
2021,8/23/21,2,9,TIAM,15,L,0,1,23,8.9
2021,8/23/21,2,9,TIAM,16,D,0,0,,
2021,8/23/21,2,9,TIAM,17,L,2,0,33,10.8
2021,8/23/21,2,9,TIAM,18,L,0,0,36,8.3
2021,8/23/21,2,9,TIAM,19,L,1,0,22.5,3.9
2021,8/23/21,2,9,TIAM,20,L,1,0,28.5,4.3
2021,8/23/21,14,5,ACRU,1,L,1,0,23,5.3
2021,8/23/21,14,5,ACRU,2,L,1,0,57,6.6
2021,8/23/21,14,5,ACRU,3,L,1,0,24.5,5.1
2021,8/23/21,14,5,ACRU,4,L,1,0,30.5,4.4
2021,8/23/21,14,5,ACRU,5,L,0,1,30,5.1
2021,8/23/21,14,5,ACRU,6,L,2,0,35,4.5
2021,8/23/21,14,5,ACRU,7,L,1,0,34.5,5.2
2021,8/23/21,14,5,ACRU,8,L,1,1,22,4.7
2021,8/23/21,14,5,ACRU,9,L,1,0,29,5.2
2021,8/23/21,14,5,ACRU,10,L,1,0,36,5
2021,8/23/21,14,5,ACRU,11,V,2,1,25,5.3
2021,8/23/21,14,5,ACRU,12,L,1,0,24,5.4
2021,8/23/21,14,5,ACRU,13,L,1,0,40,5
2021,8/23/21,14,5,ACRU,14,L,2,0,29.5,5.6
2021,8/23/21,14,5,ACRU,15,L,1,0,31,5.3
2021,8/23/21,14,5,ACRU,16,L,1,0,43,4.9
2021,8/23/21,14,5,ACRU,17,L,1,1,18,2.9
2021,8/23/21,14,5,ACRU,18,L,1,0,22.5,7
2021,8/23/21,14,5,ACRU,19,L,1,0,23,4.4
2021,8/23/21,14,5,ACRU,20,L,2,1,32,6.3
2021,8/23/21,14,5,ACSA,1,D,0,0,,
2021,8/23/21,14,5,ACSA,2,D,0,0,,
2021,8/23/21,14,5,ACSA,3,L,1,0,40.5,8.2
2021,8/23/21,14,5,ACSA,4,L,1,1,40,7.3
2021,8/23/21,14,5,ACSA,5,L,1,0,35,6.1
2021,8/23/21,14,5,ACSA,6,V,3,1,33,4.7
2021,8/23/21,14,5,ACSA,7,L,1,0,43.5,7.6
2021,8/23/21,14,5,ACSA,8,L,2,0,54,9
2021,8/23/21,14,5,ACSA,9,D,0,0,,
2021,8/23/21,14,5,ACSA,10,D,0,0,,
2021,8/23/21,14,5,ACSA,11,D,0,0,,
2021,8/23/21,14,5,ACSA,12,L,2,1,38,7.1
2021,8/23/21,14,5,ACSA,13,L,2,0,46,8.1
2021,8/23/21,14,5,ACSA,14,L,1,0,17.5,4.8
2021,8/23/21,14,5,ACSA,15,L,0,1,12.9,5
2021,8/23/21,14,5,ACSA,16,L,2,1,38,6.1
2021,8/23/21,14,5,ACSA,17,L,2,0,48,6.7
2021,8/23/21,14,5,ACSA,18,L,1,1,36,8.6
2021,8/23/21,14,5,ACSA,19,L,1,1,24,4.5
2021,8/23/21,14,5,ACSA,20,D,0,0,,
2021,8/23/21,14,5,NYSY,1,L,1,0,21,2.7
2021,8/23/21,14,5,NYSY,2,D,0,0,,
2021,8/23/21,14,5,NYSY,3,L,1,1,7.5,3.6
2021,8/23/21,14,5,NYSY,4,L,2,0,26,5.4
2021,8/23/21,14,5,NYSY,5,D,0,0,,
2021,8/23/21,14,5,NYSY,6,L,0,1,4,5.7
2021,8/23/21,14,5,NYSY,7,D,0,0,,
2021,8/23/21,14,5,NYSY,8,L,0,1,8.5,6.2
2021,8/23/21,14,5,NYSY,9,D,0,0,,
2021,8/23/21,14,5,NYSY,10,L,1,0,51,5.7
2021,8/23/21,14,5,NYSY,11,L,1,1,33.5,3.7
2021,8/23/21,14,5,NYSY,12,L,1,1,7.5,5.1
2021,8/23/21,14,5,NYSY,13,L,1,0,22,5.4
2021,8/23/21,14,5,NYSY,14,L,1,0,22,4.8
2021,8/23/21,14,5,NYSY,15,L,1,0,23.5,4.6
2021,8/23/21,14,5,NYSY,16,L,0,0,17,4.2
2021,8/23/21,14,5,NYSY,17,L,0,0,21.5,3.7
2021,8/23/21,14,5,NYSY,18,L,1,0,23,4.1
2021,8/23/21,14,5,NYSY,19,L,1,0,16.5,4.9
2021,8/23/21,14,5,NYSY,20,L,2,1,23,5.1
2021,8/23/21,14,5,PRSE,1,L,2,0,66,5.7
2021,8/23/21,14,5,PRSE,2,L,2,0,61,5.3
2021,8/23/21,14,5,PRSE,3,L,3,0,55,5.5
2021,8/23/21,14,5,PRSE,4,L,1,0,84,4.8
2021,8/23/21,14,5,PRSE,5,L,2,0,80,9.6
2021,8/23/21,14,5,PRSE,6,L,2,0,43,5.6
2021,8/23/21,14,5,PRSE,7,D,0,0,,
2021,8/23/21,14,5,PRSE,8,L,2,0,34,4.3
2021,8/23/21,14,5,PRSE,9,L,2,0,49,8.1
2021,8/23/21,14,5,PRSE,10,V,3,0,40,3.8
2021,8/23/21,14,5,PRSE,11,L,2,0,39,5.8
2021,8/23/21,14,5,PRSE,12,L,2,0,45,7.4
2021,8/23/21,14,5,PRSE,13,L,2,0,52,4.6
2021,8/23/21,14,5,PRSE,14,L,2,0,46,7.8
2021,8/23/21,14,5,PRSE,15,L,2,0,49,4.8
2021,8/23/21,14,5,PRSE,16,V,2,0,45,4.8
2021,8/23/21,14,5,PRSE,17,L,2,0,53.5,5.9
2021,8/23/21,14,5,PRSE,18,L,2,0,52,4.4
2021,8/23/21,14,5,PRSE,19,V,3,1,39,5.6
2021,8/23/21,14,5,PRSE,20,L,1,0,66,5.8
2021,8/23/21,14,5,PRSE,21,L,1,1,48,3.7
2021,8/23/21,14,5,BELE,1,D,0,0,,
2021,8/23/21,14,5,BELE,2,L,1,0,57,5.8
2021,8/23/21,14,5,BELE,3,D,0,0,,
2021,8/23/21,14,5,BELE,4,D,0,0,,
2021,8/23/21,14,5,BELE,5,D,0,0,,
2021,8/23/21,14,5,BELE,6,D,0,0,,
2021,8/23/21,14,5,BELE,7,D,0,0,,
2021,8/23/21,14,5,BELE,8,L,1,0,43.5,3.7
2021,8/23/21,14,5,BELE,9,L,1,1,31,6.6
2021,8/23/21,14,5,BELE,10,D,0,0,,
2021,8/23/21,14,5,BELE,11,L,0,1,19.5,7.1
2021,8/23/21,14,5,BELE,12,L,0,0,65,7.6
2021,8/23/21,14,5,BELE,13,D,0,0,,
2021,8/23/21,14,5,BELE,14,D,0,0,,
2021,8/23/21,14,5,BELE,15,D,0,0,,
2021,8/23/21,14,5,BELE,16,D,0,0,,
2021,8/23/21,14,5,BELE,18,L,0,0,52.5,5.9
2021,8/23/21,14,5,BELE,19,D,0,0,,
2021,8/23/21,14,5,BELE,20,D,0,0,,
2021,8/23/21,14,5,CACO,1,V,0,0,,
2021,8/23/21,14,5,CACO,2,V,0,1,,4
2021,8/23/21,14,5,CACO,3,V,1,0,19,3.4
2021,8/23/21,14,5,CACO,4,L,0,0,14.5,3.5
2021,8/23/21,14,5,CACO,5,L,2,0,19.5,4.6
2021,8/23/21,14,5,CACO,6,L,1,0,17,2.9
2021,8/23/21,14,5,CACO,7,L,0,1,6,1.8
2021,8/23/21,14,5,CACO,8,L,1,1,31.5,4.5
2021,8/23/21,14,5,CACO,9,D,0,0,,
2021,8/23/21,14,5,CACO,10,V,0,1,16.5,3.2
2021,8/23/21,14,5,CACO,11,L,1,0,28.5,3
2021,8/23/21,14,5,CACO,12,L,2,0,23.5,3.7
2021,8/23/21,14,5,CACO,13,L,0,1,14.5,3.8
2021,8/23/21,14,5,CACO,14,L,1,0,24.5,4.5
2021,8/23/21,14,5,CACO,15,L,1,0,31,3.4
2021,8/23/21,14,5,CACO,16,V,1,0,23.5,3
2021,8/23/21,14,5,CACO,17,L,0,0,26,5.2
2021,8/23/21,14,5,CACO,18,L,0,1,35,3.6
2021,8/23/21,14,5,CACO,19,L,1,1,15,3
2021,8/23/21,14,5,CACO,20,L,1,0,17.5,4.3
2021,8/23/21,14,5,QURU,1,L,2,1,19.5,5
2021,8/23/21,14,5,QURU,2,L,3,0,36.5,5.1
2021,8/23/21,14,5,QURU,3,L,1,0,57.5,8.8
2021,8/23/21,14,5,QURU,4,V,2,0,45,5.4
2021,8/23/21,14,5,QURU,5,L,2,0,47,7
2021,8/23/21,14,5,QURU,6,L,2,0,36.5,4.9
2021,8/23/21,14,5,QURU,7,L,1,0,42,5.1
2021,8/23/21,14,5,QURU,8,L,2,0,44.5,5.6
2021,8/23/21,14,5,QURU,9,L,1,0,55,6.7
2021,8/23/21,14,5,QURU,10,L,1,0,49.5,7.1
2021,8/23/21,14,5,QURU,11,L,2,0,58.5,7.4
2021,8/23/21,14,5,QURU,12,V,2,1,30.5,5
2021,8/23/21,14,5,QURU,13,L,2,0,49,7.1
2021,8/23/21,14,5,QURU,14,L,1,0,36,5.2
2021,8/23/21,14,5,QURU,15,L,0,0,42.5,4.3
2021,8/23/21,14,5,QURU,16,L,2,0,42,5
2021,8/23/21,14,5,QURU,17,L,3,0,29,3.9
2021,8/23/21,14,5,QURU,18,L,2,0,38.5,5.5
2021,8/23/21,14,5,QURU,19,L,2,1,33,6.1
2021,8/23/21,14,5,QURU,20,L,3,0,29,4.4
2021,8/23/21,14,5,TIAM,1,V,3,0,22.5,4.7
2021,8/23/21,14,5,TIAM,2,L,1,0,20,4.2
2021,8/23/21,14,5,TIAM,3,V,2,0,22.5,4.1
2021,8/23/21,14,5,TIAM,4,L,1,0,27,7.4
2021,8/23/21,14,5,TIAM,5,V,3,0,26.5,5.3
2021,8/23/21,14,5,TIAM,6,L,1,0,31,5.4
2021,8/23/21,14,5,TIAM,7,L,2,0,32.5,6.1
2021,8/23/21,14,5,TIAM,8,L,2,0,35,8.6
2021,8/23/21,14,5,TIAM,9,L,2,0,6,1.5
2021,8/23/21,14,5,TIAM,10,V,2,1,24.5,5
2021,8/23/21,14,5,TIAM,11,L,1,0,33.5,6.7
2021,8/23/21,14,5,TIAM,12,V,3,0,27,4.4
2021,8/23/21,14,5,TIAM,13,L,2,0,26,6.1
2021,8/23/21,14,5,TIAM,14,L,2,0,24,4.6
2021,8/23/21,14,5,TIAM,15,V,2,0,20,3.8
2021,8/23/21,14,5,TIAM,16,L,1,1,22.5,4.7
2021,8/23/21,14,5,TIAM,17,V,3,1,14.5,4.5
2021,8/23/21,14,5,TIAM,18,L,2,0,32.5,7.3
2021,8/23/21,14,5,TIAM,19,L,1,1,19.5,3.1
2021,8/23/21,14,5,TIAM,20,L,2,0,44.5,8
2021,8/23/21,14,6,ACRU,1,L,2,0,33,5.1
2021,8/23/21,14,6,ACRU,2,L,1,0,35,5
2021,8/23/21,14,6,ACRU,3,V,3,0,27,4.2
2021,8/23/21,14,6,ACRU,4,L,1,0,45.5,8.4
2021,8/23/21,14,6,ACRU,5,V,1,1,25,4.2
2021,8/23/21,14,6,ACRU,6,L,1,0,27,5.9
2021,8/23/21,14,6,ACRU,7,L,1,0,49,7.3
2021,8/23/21,14,6,ACRU,8,L,1,0,28,5.4
2021,8/23/21,14,6,ACRU,9,L,1,0,29,3.6
2021,8/23/21,14,6,ACRU,10,L,2,0,30,4.2
2021,8/23/21,14,6,ACRU,11,L,1,1,22,2.8
2021,8/23/21,14,6,ACRU,12,L,1,1,38.5,4.5
2021,8/23/21,14,6,ACRU,13,L,1,1,29.5,4.6
2021,8/23/21,14,6,ACRU,14,L,1,0,56,4.8
2021,8/23/21,14,6,ACRU,15,L,1,1,16.5,4.1
2021,8/23/21,14,6,ACRU,16,L,2,0,31,6.6
2021,8/23/21,14,6,ACRU,17,L,1,0,34,5.4
2021,8/23/21,14,6,ACRU,18,L,1,0,39.5,4.6
2021,8/23/21,14,6,ACRU,19,L,1,0,32.5,5.4
2021,8/23/21,14,6,ACRU,20,L,1,0,37,6.5
2021,8/23/21,14,6,ACSA,1,L,1,0,42.5,3.6
2021,8/23/21,14,6,ACSA,2,L,1,1,32.5,3.8
2021,8/23/21,14,6,ACSA,3,D,0,0,,
2021,8/23/21,14,6,ACSA,4,L,1,0,37,5
2021,8/23/21,14,6,ACSA,5,L,1,0,31,3.8
2021,8/23/21,14,6,ACSA,6,L,1,1,26,3.9
2021,8/23/21,14,6,ACSA,7,L,0,1,11.5,1.7
2021,8/23/21,14,6,ACSA,8,L,1,1,10,2.7
2021,8/23/21,14,6,ACSA,9,L,1,1,19,4.9
2021,8/23/21,14,6,ACSA,10,L,2,1,10.5,5
2021,8/23/21,14,6,ACSA,11,L,1,0,33,5.5
2021,8/23/21,14,6,ACSA,12,L,1,0,32.5,3.6
2021,8/23/21,14,6,ACSA,13,D,0,0,,
2021,8/23/21,14,6,ACSA,14,D,0,0,,
2021,8/23/21,14,6,ACSA,15,L,2,1,32,2.4
2021,8/23/21,14,6,ACSA,16,L,2,1,34,4.9
2021,8/23/21,14,6,ACSA,17,L,1,0,27,4.2
2021,8/23/21,14,6,ACSA,18,L,1,1,42,3.8
2021,8/23/21,14,6,ACSA,19,L,1,0,37.5,4.1
2021,8/23/21,14,6,ACSA,20,L,1,1,23,3.1
2021,8/23/21,14,6,NYSY,1,D,0,0,,
2021,8/23/21,14,6,NYSY,2,D,0,0,,
2021,8/23/21,14,6,NYSY,3,D,0,0,,
2021,8/23/21,14,6,NYSY,4,D,0,0,,
2021,8/23/21,14,6,NYSY,5,D,0,0,,
2021,8/23/21,14,6,NYSY,6,D,0,0,,
2021,8/23/21,14,6,NYSY,7,D,0,0,,
2021,8/23/21,14,6,NYSY,8,D,0,0,,
2021,8/23/21,14,6,NYSY,9,L,1,0,24,5.1
2021,8/23/21,14,6,NYSY,10,D,0,0,,
2021,8/23/21,14,6,NYSY,11,D,0,0,,
2021,8/23/21,14,6,NYSY,12,V,0,0,,
2021,8/23/21,14,6,NYSY,13,L,1,1,6,2.3
2021,8/23/21,14,6,NYSY,14,D,0,0,,
2021,8/23/21,14,6,NYSY,15,D,0,0,,
2021,8/23/21,14,6,NYSY,16,L,1,0,22.5,6.8
2021,8/23/21,14,6,NYSY,17,D,0,0,,
2021,8/23/21,14,6,NYSY,18,D,0,0,,
2021,8/23/21,14,6,NYSY,19,L,2,0,17,6.7
2021,8/23/21,14,6,NYSY,20,L,0,1,5,1.3
2021,8/23/21,14,6,PRSE,1,D,0,0,,
2021,8/23/21,14,6,PRSE,2,L,1,1,15,3.1
2021,8/23/21,14,6,PRSE,3,L,2,0,60,10.5
2021,8/23/21,14,6,PRSE,4,L,1,0,37,5.6
2021,8/23/21,14,6,PRSE,5,L,1,0,24.5,2.9
2021,8/23/21,14,6,PRSE,6,L,2,0,25,3.2
2021,8/23/21,14,6,PRSE,7,V,2,0,23,2.5
2021,8/23/21,14,6,PRSE,8,L,1,0,45,5.9
2021,8/23/21,14,6,PRSE,9,L,1,0,35.5,4
2021,8/23/21,14,6,PRSE,10,D,0,0,,
2021,8/23/21,14,6,PRSE,11,L,1,0,19.5,3.1
2021,8/23/21,14,6,PRSE,12,L,1,0,43.5,9.3
2021,8/23/21,14,6,PRSE,13,L,2,0,49,8.3
2021,8/23/21,14,6,PRSE,14,L,1,0,22,3.2
2021,8/23/21,14,6,PRSE,15,L,2,0,34,6
2021,8/23/21,14,6,PRSE,16,V,3,1,20.5,3.9
2021,8/23/21,14,6,PRSE,17,L,1,0,19,2.9
2021,8/23/21,14,6,PRSE,18,L,2,0,44,6.1
2021,8/23/21,14,6,PRSE,19,L,2,0,38,3.9
2021,8/23/21,14,6,PRSE,20,L,3,0,33,3.9
2021,8/23/21,14,6,PRSE,21,L,1,0,39,5.1
2021,8/23/21,14,6,BELE,1,D,0,0,,
2021,8/23/21,14,6,BELE,2,D,0,0,,
2021,8/23/21,14,6,BELE,3,D,0,0,,
2021,8/23/21,14,6,BELE,4,D,0,0,,
2021,8/23/21,14,6,BELE,5,D,0,0,,
2021,8/23/21,14,6,BELE,6,L,2,0,50,4.6
2021,8/23/21,14,6,BELE,7,L,1,1,51,7.4
2021,8/23/21,14,6,BELE,8,L,1,1,17,6.5
2021,8/23/21,14,6,BELE,9,L,1,0,41,5.4
2021,8/23/21,14,6,BELE,10,D,0,0,,
2021,8/23/21,14,6,BELE,11,D,0,0,,
2021,8/23/21,14,6,BELE,12,D,0,0,,
2021,8/23/21,14,6,BELE,13,D,0,0,,
2021,8/23/21,14,6,BELE,14,D,0,0,,
2021,8/23/21,14,6,BELE,15,D,0,0,,
2021,8/23/21,14,6,BELE,16,D,0,0,,
2021,8/23/21,14,6,BELE,17,D,0,0,,
2021,8/23/21,14,6,BELE,18,L,1,1,13,5.5
2021,8/23/21,14,6,BELE,19,D,0,0,,
2021,8/23/21,14,6,BELE,20,L,2,1,42,4.6
2021,8/23/21,14,6,CACO,1,L,2,1,18,5.5
2021,8/23/21,14,6,CACO,2,L,2,1,15,1.6
2021,8/23/21,14,6,CACO,3,L,2,1,26,7.8
2021,8/23/21,14,6,CACO,4,L,1,0,23,3.6
2021,8/23/21,14,6,CACO,5,L,1,0,16,4.1
2021,8/23/21,14,6,CACO,6,L,2,1,22,4.9
2021,8/23/21,14,6,CACO,7,L,0,0,37.5,5.3
2021,8/23/21,14,6,CACO,8,L,1,0,28.5,5.3
2021,8/23/21,14,6,CACO,9,D,0,0,,
2021,8/23/21,14,6,CACO,10,L,1,1,21.5,4.5
2021,8/23/21,14,6,CACO,11,L,1,1,11.5,3.8
2021,8/23/21,14,6,CACO,12,L,1,1,13,4.1
2021,8/23/21,14,6,CACO,13,L,1,1,32,6.3
2021,8/23/21,14,6,CACO,14,L,1,1,13,3.7
2021,8/23/21,14,6,CACO,15,L,1,0,21.5,4.1
2021,8/23/21,14,6,CACO,16,L,1,0,32.5,4.7
2021,8/23/21,14,6,CACO,17,L,2,1,12.5,2.2
2021,8/23/21,14,6,CACO,18,L,1,1,22,4.1
2021,8/23/21,14,6,CACO,19,V,1,1,12,4.2
2021,8/23/21,14,6,CACO,20,L,1,1,21,3.5
2021,8/23/21,14,6,QURU,1,L,3,1,64,8
2021,8/23/21,14,6,QURU,2,V,3,0,45.5,5.7
2021,8/23/21,14,6,QURU,3,V,2,1,11,2.6
2021,8/23/21,14,6,QURU,4,L,2,0,47,11.8
2021,8/23/21,14,6,QURU,5,L,3,1,54,6.5
2021,8/23/21,14,6,QURU,6,L,1,1,68,14.7
2021,8/23/21,14,6,QURU,7,L,2,0,47,3.8
2021,8/23/21,14,6,QURU,8,L,1,0,56,7.2
2021,8/23/21,14,6,QURU,9,L,2,0,54,6
2021,8/23/21,14,6,QURU,10,L,2,0,49,7.8
2021,8/23/21,14,6,QURU,11,L,2,0,71.5,9.8
2021,8/23/21,14,6,QURU,12,L,3,0,55,11.5
2021,8/23/21,14,6,QURU,13,V,3,1,42,9
2021,8/23/21,14,6,QURU,14,L,3,0,45.5,7.6
2021,8/23/21,14,6,QURU,15,L,1,1,84,12
2021,8/23/21,14,6,QURU,16,L,2,0,60,7.4
2021,8/23/21,14,6,QURU,17,L,2,0,51,10.7
2021,8/23/21,14,6,QURU,18,V,3,1,52,8.2
2021,8/23/21,14,6,QURU,19,L,1,1,42,6.1
2021,8/23/21,14,6,QURU,20,V,3,1,49.5,6.9
2021,8/23/21,14,6,TIAM,1,L,2,0,30,9
2021,8/23/21,14,6,TIAM,2,V,3,1,13.5,3.2
2021,8/23/21,14,6,TIAM,3,L,2,0,23,5
2021,8/23/21,14,6,TIAM,4,L,2,0,29.5,9.1
2021,8/23/21,14,6,TIAM,5,V,0,1,10,5
2021,8/23/21,14,6,TIAM,6,V,3,0,21,4
2021,8/23/21,14,6,TIAM,7,V,3,0,36,7.1
2021,8/23/21,14,6,TIAM,8,V,3,0,31,7.1
2021,8/23/21,14,6,TIAM,9,V,2,0,21.5,3.5
2021,8/23/21,14,6,TIAM,10,L,2,0,27,4.7
2021,8/23/21,14,6,TIAM,11,L,1,0,21,5
2021,8/23/21,14,6,TIAM,12,L,2,1,26,4.9
2021,8/23/21,14,6,TIAM,13,L,1,0,12,7
2021,8/23/21,14,6,TIAM,14,V,3,0,21,4.6
2021,8/23/21,14,6,TIAM,15,L,2,1,23,7.4
2021,8/23/21,14,6,TIAM,16,L,1,1,12,5.1
2021,8/23/21,14,6,TIAM,17,L,1,0,18.5,3.4
2021,8/23/21,14,6,TIAM,18,L,3,0,26.5,6
2021,8/23/21,14,6,TIAM,19,V,3,0,29,6.1
2021,8/23/21,14,6,TIAM,20,L,2,1,26,4.6
2021,8/23/21,14,7,ACRU,1,L,1,0,41,7.3
2021,8/23/21,14,7,ACRU,2,L,1,0,29,4.1
2021,8/23/21,14,7,ACRU,3,D,0,0,,
2021,8/23/21,14,7,ACRU,4,L,2,0,29,4.6
2021,8/23/21,14,7,ACRU,5,L,1,0,37,3.6
2021,8/23/21,14,7,ACRU,6,L,1,1,18,3.3
2021,8/23/21,14,7,ACRU,7,L,0,1,36.5,4.7
2021,8/23/21,14,7,ACRU,8,L,1,1,21.5,2.9
2021,8/23/21,14,7,ACRU,9,L,0,0,23,5.9
2021,8/23/21,14,7,ACRU,10,D,0,0,,
2021,8/23/21,14,7,ACRU,11,L,1,0,28.5,5.2
2021,8/23/21,14,7,ACRU,12,L,2,0,37,6.1
2021,8/23/21,14,7,ACRU,13,L,1,0,38,5.6
2021,8/23/21,14,7,ACRU,14,L,1,0,28,5.8
2021,8/23/21,14,7,ACRU,15,L,1,0,45,4.6
2021,8/23/21,14,7,ACRU,16,L,1,0,30,3.9
2021,8/23/21,14,7,ACRU,17,D,0,0,,
2021,8/23/21,14,7,ACRU,18,L,1,0,44,7
2021,8/23/21,14,7,ACRU,19,L,1,0,27,7.2
2021,8/23/21,14,7,ACRU,20,L,1,1,23,4.8
2021,8/23/21,14,7,ACSA,1,D,0,0,,
2021,8/23/21,14,7,ACSA,2,L,0,0,39,6.2
2021,8/23/21,14,7,ACSA,3,L,1,0,51.5,7.8
2021,8/23/21,14,7,ACSA,4,L,1,0,28,3.6
2021,8/23/21,14,7,ACSA,5,L,1,0,25,3.5
2021,8/23/21,14,7,ACSA,6,D,0,0,,
2021,8/23/21,14,7,ACSA,7,L,1,0,46,5
2021,8/23/21,14,7,ACSA,8,L,0,0,30.5,6.5
2021,8/23/21,14,7,ACSA,9,L,1,0,45,5.7
2021,8/23/21,14,7,ACSA,10,D,0,0,,
2021,8/23/21,14,7,ACSA,11,L,1,1,42,12.2
2021,8/23/21,14,7,ACSA,12,L,2,0,38,4.5
2021,8/23/21,14,7,ACSA,13,L,1,0,25,3.3
2021,8/23/21,14,7,ACSA,14,L,1,0,52.5,5.3
2021,8/23/21,14,7,ACSA,15,D,0,0,,
2021,8/23/21,14,7,ACSA,16,D,0,0,,
2021,8/23/21,14,7,ACSA,17,D,0,0,,
2021,8/23/21,14,7,ACSA,18,L,1,0,58.5,5.4
2021,8/23/21,14,7,ACSA,19,L,0,1,18.5,3.4
2021,8/23/21,14,7,ACSA,20,D,0,0,,
2021,8/23/21,14,7,NYSY,1,D,0,0,,
2021,8/23/21,14,7,NYSY,2,D,0,0,,
2021,8/23/21,14,7,NYSY,3,D,0,0,,
2021,8/23/21,14,7,NYSY,4,L,0,0,4,3.2
2021,8/23/21,14,7,NYSY,5,D,0,0,,
2021,8/23/21,14,7,NYSY,6,D,0,0,,
2021,8/23/21,14,7,NYSY,7,D,0,0,,
2021,8/23/21,14,7,NYSY,8,L,2,0,10,2.1
2021,8/23/21,14,7,NYSY,9,D,0,0,,
2021,8/23/21,14,7,NYSY,10,D,0,0,,
2021,8/23/21,14,7,NYSY,11,L,1,0,25,4.9
2021,8/23/21,14,7,NYSY,12,D,0,0,,
2021,8/23/21,14,7,NYSY,13,D,0,0,,
2021,8/23/21,14,7,NYSY,14,D,0,0,,
2021,8/23/21,14,7,NYSY,15,D,0,0,,
2021,8/23/21,14,7,NYSY,16,D,0,0,,
2021,8/23/21,14,7,NYSY,17,D,0,0,,
2021,8/23/21,14,7,NYSY,18,D,0,0,,
2021,8/23/21,14,7,NYSY,19,D,0,0,,
2021,8/23/21,14,7,NYSY,20,D,0,0,,
2021,8/23/21,14,7,PRSE,1,L,1,0,36,3.9
2021,8/23/21,14,7,PRSE,2,D,0,0,,
2021,8/23/21,14,7,PRSE,3,L,1,1,31,4.1
2021,8/23/21,14,7,PRSE,4,L,1,0,52,4.5
2021,8/23/21,14,7,PRSE,5,L,2,0,52,6.7
2021,8/23/21,14,7,PRSE,6,L,2,0,40.5,5.2
2021,8/23/21,14,7,PRSE,7,L,3,0,40.5,5
2021,8/23/21,14,7,PRSE,8,L,1,0,40,4.4
2021,8/23/21,14,7,PRSE,9,L,1,0,56,6.5
2021,8/23/21,14,7,PRSE,10,L,3,1,40,6
2021,8/23/21,14,7,PRSE,11,L,2,0,34,3.3
2021,8/23/21,14,7,PRSE,12,L,1,1,48,5.6
2021,8/23/21,14,7,PRSE,13,L,1,0,30.5,4.2
2021,8/23/21,14,7,PRSE,14,L,1,0,72,7
2021,8/23/21,14,7,PRSE,15,L,2,0,46,4.9
2021,8/23/21,14,7,PRSE,16,L,1,0,47.5,4.2
2021,8/23/21,14,7,PRSE,17,L,2,0,18,1.8
2021,8/23/21,14,7,PRSE,18,L,1,1,41.5,5.4
2021,8/23/21,14,7,PRSE,19,L,1,0,59,6.5
2021,8/23/21,14,7,PRSE,20,L,1,0,44.5,2.4
2021,8/23/21,14,7,BELE,1,D,0,0,,
2021,8/23/21,14,7,BELE,2,D,0,0,,
2021,8/23/21,14,7,BELE,3,D,0,0,,
2021,8/23/21,14,7,BELE,4,D,0,0,,
2021,8/23/21,14,7,BELE,5,L,1,0,83,6.5
2021,8/23/21,14,7,BELE,6,D,0,0,,
2021,8/23/21,14,7,BELE,7,L,1,1,57,13.5
2021,8/23/21,14,7,BELE,8,D,0,0,,
2021,8/23/21,14,7,BELE,9,L,0,0,73,4.6
2021,8/23/21,14,7,BELE,10,D,0,0,,
2021,8/23/21,14,7,BELE,11,D,0,0,,
2021,8/23/21,14,7,BELE,12,L,0,0,73.5,7.5
2021,8/23/21,14,7,BELE,13,D,0,0,,
2021,8/23/21,14,7,BELE,14,D,0,0,,
2021,8/23/21,14,7,BELE,15,L,0,0,85,7.7
2021,8/23/21,14,7,BELE,16,D,0,0,,
2021,8/23/21,14,7,BELE,17,D,0,0,,
2021,8/23/21,14,7,BELE,18,L,1,0,56,4.6
2021,8/23/21,14,7,BELE,19,D,0,0,,
2021,8/23/21,14,7,BELE,20,D,0,0,,
2021,8/23/21,14,7,CACO,1,L,0,1,22.5,4.3
2021,8/23/21,14,7,CACO,2,L,3,1,23,2.6
2021,8/23/21,14,7,CACO,3,D,0,0,,
2021,8/23/21,14,7,CACO,4,L,1,1,3.5,1.1
2021,8/23/21,14,7,CACO,5,L,2,0,24,2.2
2021,8/23/21,14,7,CACO,6,D,0,0,,
2021,8/23/21,14,7,CACO,7,L,1,1,19.5,2.9
2021,8/23/21,14,7,CACO,8,L,1,0,20,3.1
2021,8/23/21,14,7,CACO,9,V,1,1,22.5,3.6
2021,8/23/21,14,7,CACO,10,L,1,0,36.5,6.3
2021,8/23/21,14,7,CACO,11,L,0,1,15,0.7
2021,8/23/21,14,7,CACO,12,D,0,0,,
2021,8/23/21,14,7,CACO,13,D,0,0,,
2021,8/23/21,14,7,CACO,14,L,0,0,18.5,2.3
2021,8/23/21,14,7,CACO,15,L,1,0,26,1.8
2021,8/23/21,14,7,CACO,16,L,1,1,31,4.1
2021,8/23/21,14,7,CACO,17,V,2,1,14,3.3
2021,8/23/21,14,7,CACO,18,L,0,1,15,2.4
2021,8/23/21,14,7,CACO,19,L,0,1,28,4.3
2021,8/23/21,14,7,CACO,20,L,1,0,21.5,3.5
2021,8/23/21,14,7,QURU,1,L,1,0,42,5.2
2021,8/23/21,14,7,QURU,2,L,1,0,39,5.9
2021,8/23/21,14,7,QURU,3,V,2,0,45,6.7
2021,8/23/21,14,7,QURU,4,L,2,0,64,7.7
2021,8/23/21,14,7,QURU,5,L,1,0,40.5,3.4
2021,8/23/21,14,7,QURU,6,L,2,0,40.5,8.4
2021,8/23/21,14,7,QURU,7,L,1,0,54,10.7
2021,8/23/21,14,7,QURU,8,L,2,0,34,4.2
2021,8/23/21,14,7,QURU,9,V,2,0,49,7
2021,8/23/21,14,7,QURU,10,L,2,0,42,5.8
2021,8/23/21,14,7,QURU,11,L,2,0,47,3.5
2021,8/23/21,14,7,QURU,12,V,3,0,43,5.6
2021,8/23/21,14,7,QURU,13,V,2,1,60.5,6.8
2021,8/23/21,14,7,QURU,14,L,1,0,51.5,5.9
2021,8/23/21,14,7,QURU,15,L,0,1,23,15.6
2021,8/23/21,14,7,QURU,16,L,1,0,43,4.8
2021,8/23/21,14,7,QURU,17,L,1,0,54,6.8
2021,8/23/21,14,7,QURU,18,L,2,0,51,11.3
2021,8/23/21,14,7,QURU,19,L,1,0,47,6.6
2021,8/23/21,14,7,QURU,20,V,2,0,37,5.8
2021,8/23/21,14,7,TIAM,1,D,0,0,,
2021,8/23/21,14,7,TIAM,2,V,3,0,14.5,2.6
2021,8/23/21,14,7,TIAM,3,V,2,0,21,4.9
2021,8/23/21,14,7,TIAM,4,L,2,1,15,2.1
2021,8/23/21,14,7,TIAM,5,L,2,0,22.5,3.6
2021,8/23/21,14,7,TIAM,6,V,2,0,23,3.8
2021,8/23/21,14,7,TIAM,7,V,3,0,30.5,3
2021,8/23/21,14,7,TIAM,8,L,2,0,31,3.8
2021,8/23/21,14,7,TIAM,9,L,2,0,18,2.9
2021,8/23/21,14,7,TIAM,10,L,2,0,30,6
2021,8/23/21,14,7,TIAM,11,L,2,0,7,1.5
2021,8/23/21,14,7,TIAM,12,D,0,0,,
2021,8/23/21,14,7,TIAM,13,L,0,1,6.5,1.6
2021,8/23/21,14,7,TIAM,14,V,0,1,30,2.8
2021,8/23/21,14,7,TIAM,15,L,3,0,25,5.2
2021,8/23/21,14,7,TIAM,16,L,3,0,37,5.4
2021,8/23/21,14,7,TIAM,17,V,3,0,25,4.1
2021,8/23/21,14,7,TIAM,18,D,0,0,,
2021,8/23/21,14,7,TIAM,19,V,2,1,26,6
2021,8/23/21,14,7,TIAM,20,V,3,0,30,4.2