Unit,Plot,Direction,ID,number,horizon,MT,Treatment,Root.wt.g,Bulk density,pH,per.C,per.N,GWC,Biomass
2,5,SE,1,1,B,EcM,Cut,0.8826,0.519770978,5.32,3.103303043,0.195509817,0.21120752,135.894328
1,10,N,2,3,B,EcM,Control,0.2779,0.502497172,5.11,3.053725481,0.15306357,0.2173618,69.13496764
1,10,W,3,4,B,EcM,Control,0.1643,0.904472746,5.31,2.307466581,0.095150782,0.16329753,53.18854163
1,10,E,4,5,B,EcM,Control,0.4856,0.743538695,5.17,2.93433662,0.177146899,0.04674392,60.98712081
2,9,E,94,6,B,AM,Cut,0.2074,0.626675881,5.33,3.492013193,0.204301119,0.26567621,222.1937808
2,9,S,5,7,B,AM,Cut,0.5699,0.769993123,5.3,4.281719627,0.280901051,0.09757504,57.6256803
2,9,W,6,8,B,AM,Cut,0.8549,0.554367569,5.26,4.145970963,0.240802827,0.22937236,152.1739625
3,5,N,92,9,B,AM,Cut,0.3945,0.508994769,5.9,7.388591846,0.567849346,0.32427051,267.5730206
3,5,S,93,10,B,AM,Cut,0.9663,0.606876524,5.17,6.820805083,0.456702515,0.28195823,311.3004822
3,5,W,7,11,B,AM,Cut,0.3397,0.630086355,5.33,6.553265432,0.444529337,0.27426534,240.0180106
4,10,N,8,12,B,AM,Control,0.2003,0.701655034,5.57,3.275954057,0.214683151,0.16060012,-85.29219672
4,10,W,9,13,B,AM,Control,0.0786,0.587171897,5.57,3.71630946,0.230623847,0.20528403,26.63663534
4,10,S,10,14,B,AM,Control,1.1357,0.590508755,5.54,3.770609566,0.259882447,0.26074028,-51.4283904
6,5,W,11,15,B,AM,Control,0.0501,0.697869449,6.08,2.405072463,0.229290125,0.20992158,57.5263497
6,5,E,12,16,B,AM,Control,0.4687,0.523412148,6.27,4.548687564,0.404320723,0.2486008,178.2037155
6,5,N,13,17,B,AM,Control,0.0254,0.507629457,5.99,5.962369294,0.498028863,0.32951471,141.6682679
8,1,N,14,18,B,AM,Cut,0.1899,0.573772772,4.99,4.171837482,0.320955289,0.18604643,130.5236647
8,1,E,16,20,B,AM,Cut,0.4421,0.476728966,5.73,6.651975995,0.618182161,0.2478387,270.1372173
10,5,N,17,21,B,AM,Cut,0.929,0.564330847,5.22,6.311991386,0.425783993,0.25695252,24.48204725
10,5,SW,18,22,B,AM,Cut,0.4897,0.584278426,5.04,3.923934585,0.216806287,0.19951032,143.0002627
10,5,SE,19,23,B,AM,Cut,0.4167,0.571466983,6.51,3.240751824,0.27352582,0.22015999,NA
12,11,N,20,24,B,AM,Control,1.8068,0.597390948,5.12,3.056262366,0.240681566,0.21175918,72.81196821
12,11,W,21,25,B,AM,Control,0.3978,0.55313109,5.25,3.976618018,0.326346986,0.21571345,53.88359249
12,11,E,22,26,B,AM,Control,0.2818,0.565427084,5.51,4.760901939,0.309144343,0.25202246,48.74589976
13,5,NW,23,27,B,AM,Control,0.4872,0.599711669,5.17,4.668947758,0.352641327,0.20922346,120.087812
13,5,W,24,28,B,AM,Control,0.268,0.541685719,5.15,2.751792929,0.220870487,0.17953754,43.52063889
13,5,E,25,29,B,AM,Control,0.0826,0.284693385,5.22,4.533569413,0.313720951,0.21506641,58.99221264
14,1,N,26,30,B,EcM,Control,1.1357,0.443913924,4.63,7.952148017,0.35668743,0.29445954,165.4669788
14,1,E,27,31,B,EcM,Control,0.6385,0.496005784,4.92,5.036023647,0.205688149,0.28220203,NA
14,1,S,28,32,B,EcM,Control,0.2396,0.544923224,4.8,5.295666616,0.181217548,0.23263991,112.4680393
14,2,S,29,33,B,EcM,Control,0.9372,0.569612171,5.25,4.043689118,0.168957905,0.21076953,71.0886076
14,2,N,30,34,B,EcM,Control,0,0.643183843,7.09,3.089279256,0.18682467,0.30093803,45.66584304
14,5,N,31,35,B,EcM,Cut,1.1405,0.245064643,5.8,9.017380659,0.332779279,0.2665655,131.287176
14,6,E,32,36,B,EcM,Cut,3.2278,0.41666105,5.7,3.557495071,0.101389794,0.23744198,-52.01600831
14,6,S,33,37,B,EcM,Cut,0.5085,0.412173191,6.67,3.858314432,0.209867316,0.31355284,83.02508853
14,6,W,34,38,B,EcM,Cut,1.0243,0.3780005,6.29,9.729975987,0.453260214,0.37044061,267.3630528
14,7,N,35,39,B,EcM,Cut,0.0591,0.703943871,4.93,2.610334992,0.130717393,0.17865392,235.9450377
14,7,E,36,40,B,EcM,Cut,0.3781,0.426442345,5.2,5.128308043,0.258168172,0.23503426,149.6328595
14,7,S,37,41,B,EcM,Cut,0.71,0.52325933,5.3,5.074598792,0.238434847,0.25756532,5.209358877
14,5,W,38,42,B,EcM,Cut,1.7256,0.237327062,5.67,4.492940388,0.109967956,0.22678047,46.64462667
14,5,E,39,43,B,EcM,Cut,2.2643,0.458031801,5.61,12.856879,0.592225993,0.35186816,-168.6004518
1,1,S,40,44,B,EcM,Control,0.0374,0.449658617,5.54,2.472208024,0.07769357,0.21290466,NA
1,1,W,41,45,B,EcM,Control,1.1132,0.510114269,4.77,3.903779503,0.189658257,0.12982429,102.0511772
1,1,N,42,46,B,EcM,Control,1.7256,0.573442258,4.86,3.959152228,0.174593,0.14944207,77.4551485
1,10,W,43,1,OA,EcM,Control,0.8812,0.274766369,4.35,6.543440553,0.316238132,0.24243305,40.56847942
1,10,E,44,3,OA,EcM,Control,0.3281,0.219852847,5.54,12.26387948,0.573038621,0.35200031,-234.7549017
1,10,N,45,4,OA,EcM,Control,0.0677,0.340303466,4.64,6.069769893,0.276691479,0.23586011,227.2938849
1,1,S,46,5,OA,EcM,Control,0.882,0.30265842,3.77,33.82946342,1.367319789,0.52300628,56.3064738
2,5,NE,47,6,OA,EcM,Cut,1.0568,0.364224916,4.92,3.782963288,0.173564524,0.23777064,-24.00187782
2,5,SE,48,7,OA,EcM,Cut,0.2032,0.22661113,4.48,11.00197411,0.563631961,0.32580136,-95.96956119
2,5,SW,49,8,OA,EcM,Cut,0.8922,0.423648441,4.76,7.846732375,0.381995358,0.32580151,-33.56048039
2,9,E,50,9,OA,AM,Cut,1.6793,0.339578664,4.89,9.853585887,0.66032141,0.34939389,311.3165416
2,9,S,51,10,OA,AM,Cut,0.3489,0.19179516,5,11.86599488,0.801199262,0.34853996,670.7242901
2,9,W,52,11,OA,AM,Cut,0.6743,0.151437386,5.25,19.26350876,1.186759273,0.50523919,200.9896988
3,5,N,53,12,OA,AM,Cut,0.9384,0.253903178,5.24,13.50644105,1.122110914,0.42082245,357.3501348
3,5,S,54,13,OA,AM,Cut,1.879,0.135176498,5.62,15.61297557,1.252544165,0.40692377,553.9665621
3,5,W,55,14,OA,AM,Cut,0.7558,0.141160724,5.11,20.15303622,1.337650796,0.47309063,209.3984406
4,10,N,56,15,OA,AM,Control,0.25,0.407585569,5.48,11.82450922,0.990618166,0.26313295,314.6122413
4,10,S,57,16,OA,AM,Control,0.7212,0.383311259,5.49,8.516447774,0.555799942,0.35497079,217.2621862
4,10,W,58,17,OA,AM,Control,1.043,0.420456526,6.01,11.44591727,1.010418286,0.31847536,299.1509696
6,5,E,59,18,OA,AM,Control,0.1853,0.275789986,5.39,7.453461031,0.669222501,0.33684509,230.4226807
6,5,N,60,19,OA,AM,Control,0.5955,0.318736914,6.08,9.806682491,0.849189642,0.35752333,228.0694167
6,5,W,61,20,OA,AM,Control,0.8627,0.4082025,6.36,4.518936185,0.361863558,0.23267278,109.7080608
8,1,E,62,21,OA,AM,Cut,0.5176,0.469077012,5.87,5.960291657,0.477747029,0.28353764,305.5121489
8,1,N,63,22,OA,AM,Cut,1.4556,0.413388313,6.71,5.381940528,0.377439371,0.24535146,317.575153
8,1,W,64,23,OA,AM,Cut,1.7172,0.533743289,6.21,9.650323819,0.814791076,0.23939192,218.7738092
10,5,N,65,24,OA,AM,Cut,0.4875,0.410077491,5.76,7.884938593,0.515933965,0.31382685,289.8303079
10,5,SE,66,25,OA,AM,Cut,0.5643,0.451616782,5.55,6.471234193,0.47255255,0.26247266,241.6128874
10,5,SW,67,26,OA,AM,Cut,0.8741,0.380803685,6.69,12.42427546,0.958860082,0.31030471,273.7707971
12,11,E,68,27,OA,AM,Control,0.2973,0.290724058,5.58,10.40060949,0.808112685,0.34102245,338.6398075
12,11,N,69,28,OA,AM,Control,0.5273,0.27867346,5.65,11.66583896,0.857722911,0.37993158,462.3031314
12,11,W,70,29,OA,AM,Control,0.9137,0.412319547,5.28,10.1390332,0.737395463,0.32988547,283.4913844
13,5,E,71,30,OA,AM,Control,1.0535,0.464670871,4.55,8.785346125,0.645102285,0.25741889,302.9403485
13,5,NW,72,31,OA,AM,Control,0.3861,0.420141394,5.2,10.12575913,0.722327098,0.31528931,258.5193119
13,5,W,73,32,OA,AM,Control,0.3039,0.439580568,5.32,4.454246505,0.29537674,0.21003392,177.4323092
14,1,N,74,33,OA,EcM,Control,1.186,0.262822085,5.34,14.97347664,0.61908677,0.3643366,246.4300113
14,2,N,75,34,OA,EcM,Control,0.9173,0.138340234,4.19,19.0275071,0.976320239,0.63196496,123.6240103
14,2,S,76,35,OA,EcM,Control,0.4115,0.218521043,6.54,7.788429386,0.317175959,0.30266805,-97.38571137
14,2,W,77,36,OA,EcM,Control,1.1174,0.205834842,4.97,21.3776398,0.895330491,0.55849062,369.7258247
14,5,E,78,37,OA,EcM,Cut,0,0.366031535,5.41,18.10994914,0.646495942,0.48227506,239.3741818
14,5,N,79,38,OA,EcM,Cut,0,0.298535432,6.13,17.79600812,0.603289082,0.41534749,164.8595047
14,5,W,80,39,OA,EcM,Cut,0.0222,0.197301549,5.48,27.29105701,0.946919841,0.52474254,0.034244518
14,6,E,81,40,OA,EcM,Cut,0.7431,0.210109286,4.77,13.62053713,0.552022572,0.31212917,244.5564481
14,6,S,82,41,OA,EcM,Cut,0.8774,0.307159829,4.42,7.741610555,0.428012664,0.36218244,132.9998678
14,6,W,83,42,OA,EcM,Cut,0,0.679931106,6.72,18.78106089,0.628810299,0.42782233,99.46628131
14,7,E,84,43,OA,EcM,Cut,0.3591,0.205763975,5.32,15.45593719,0.736451033,0.35404014,80.95167814
14,7,N,85,44,OA,EcM,Cut,1.4044,0.227719149,4.54,12.50059661,0.541643379,0.41535352,NA
14,7,S,86,45,OA,EcM,Cut,0.5382,0.163418584,4.13,22.13371308,1.076369885,0.17732394,932.0217237
14,1,E,87,47,OA,EcM,Control,0.542,0.283381217,4.2,15.98712298,0.596297634,0.508265,320.0723081
14,1,S,88,48,OA,EcM,Control,0.2003,0.379682902,4.44,15.40050983,0.572524535,0.37751477,333.1147766
1,1,N,89,49,OA,EcM,Control,3.4179,0.129328898,4.53,32.98773385,1.309637378,0.39742326,338.741049
1,1,W,91,51,OA,EcM,Control,0,0.140933925,3.97,14.23020175,0.625443807,0.33999752,563.0383099